id,place_id,created,title,type,multiple_selections,minimum_selections,maximum_selections,index,created_datetime
449650,436121,1699454934,Pomfrit Size,Optional,0,1,1,3,2023-11-08T16:48:54
478289,429123,1700473584,Size 1,Optional,0,1,2,0,2023-11-20T11:46:24
478341,429123,1700473773,Alm fadoel,Optional,0,1,1,1,2023-11-20T11:49:33
478357,429123,1700474202,Grimbergen,Optional,0,1,1,2,2023-11-20T11:56:42
478363,429123,1700474319,Oel 60,Optional,0,1,1,3,2023-11-20T11:58:39
478369,429123,1700474438,Hvidvin sauvignon blanc,Optional,1,1,1,4,2023-11-20T12:00:38
478372,429123,1700474526,Chardonnay saint-peyre,Optional,0,1,1,5,2023-11-20T12:02:06
478375,429123,1700474620,Grüner veltliner,Optional,0,1,1,6,2023-11-20T12:03:40
478381,429123,1700474686,Pinot Gris og riesling,Optional,0,1,1,7,2023-11-20T12:04:46
478385,429123,1700475139,Rose Vin pellehaut,Optional,0,1,1,8,2023-11-20T12:12:19
505940,478851,1701275798,Med,Optional,0,1,1,1,2023-11-29T18:36:38
505956,478851,1701275903,Extra,Optional,0,0,1,2,2023-11-29T18:38:23
505990,478851,1701276088,Choice,Optional,0,1,1,5,2023-11-29T18:41:28
617025,582640,1703676377,Add Ons,Optional,1,1,3,0,2023-12-27T13:26:17
617026,582640,1703676377,Burgere Menu Choice,Optional,1,1,1,1,2023-12-27T13:26:17
622746,615877,1703756139,Sides,Optional,0,1,1,0,2023-12-28T11:35:39
630083,599346,1703848243,"+20,-",Optional,0,1,1,0,2023-12-29T13:10:43
638496,535138,1703927470,Tilbehør,Optional,0,0,37,0,2023-12-30T11:11:10
638497,535138,1703927470,Ekstra Tilbehør,Optional,0,0,25,1,2023-12-30T11:11:10
638498,535138,1703927470,Drink Choice,Optional,0,1,1,2,2023-12-30T11:11:10
638499,535138,1703927470,Alm Ekstra Tilbehør,Optional,0,0,37,3,2023-12-30T11:11:10
638500,535138,1703927470,Deep Pan Ekstra Tilbehør,Optional,0,0,36,4,2023-12-30T11:11:10
638501,535138,1703927470,Fam Ekstra Tilbehør,Optional,0,0,36,5,2023-12-30T11:11:10
638502,535138,1703927470,Durum Choice,Optional,0,0,9,6,2023-12-30T11:11:10
638503,535138,1703927470,Specialiteter Tilbehør,Optional,0,0,6,7,2023-12-30T11:11:10
638504,535138,1703927470,Pitabrød Choice,Optional,0,0,5,8,2023-12-30T11:11:10
638505,535138,1703927470,Grillmad Tilbehør,Optional,0,1,1,9,2023-12-30T11:11:10
638506,535138,1703927470,Size 1,Optional,0,1,1,10,2023-12-30T11:11:10
638507,535138,1703927470,Size 2,Optional,0,1,1,11,2023-12-30T11:11:10
638508,535138,1703927470,Size 3,Optional,0,1,1,12,2023-12-30T11:11:10
638509,535138,1703927470,Size 4,Optional,0,1,1,13,2023-12-30T11:11:10
638510,535138,1703927470,Size 5,Optional,0,1,1,14,2023-12-30T11:11:10
638511,535138,1703927470,Size 6,Optional,0,1,1,15,2023-12-30T11:11:10
638512,535138,1703927470,Size 7,Optional,0,1,1,16,2023-12-30T11:11:10
638513,535138,1703927470,Size 8,Optional,0,1,1,17,2023-12-30T11:11:10
638514,535138,1703927470,Size 9,Optional,0,1,1,18,2023-12-30T11:11:10
638515,535138,1703927470,Size 10,Optional,0,1,1,19,2023-12-30T11:11:10
648888,591944,1704081609,Burger Ekstras,Optional,1,1,10,0,2024-01-01T06:00:09
648889,591944,1704081609,Dressing Choice,Optional,1,1,10,1,2024-01-01T06:00:09
656650,498629,1704185733,Valg af bolle,Optional,0,1,1,0,2024-01-02T10:55:33
656651,498629,1704185733,Ekstras,Optional,0,0,3,1,2024-01-02T10:55:33
656658,498629,1704185733,Tilvalg,Optional,0,0,1,8,2024-01-02T10:55:33
656659,498629,1704185733,Peanutbutter,Optional,0,0,1,9,2024-01-02T10:55:33
780872,582411,1704870085,Bagel Brød,Optional,0,1,1,0,2024-01-10T09:01:25
780873,582411,1704870085,Smørelse,Optional,0,1,1,1,2024-01-10T09:01:25
780874,582411,1704870085,Protein,Optional,0,1,1,2,2024-01-10T09:01:25
780875,582411,1704870085,Ekstra Protein,Optional,0,0,3,3,2024-01-10T09:01:25
780876,582411,1704870085,Tilbehør,Optional,0,0,3,4,2024-01-10T09:01:25
780877,582411,1704870085,Dressing,Optional,0,1,1,5,2024-01-10T09:01:25
780878,582411,1704870085,Tilføj Sodavand,Optional,0,0,3,6,2024-01-10T09:01:25
780879,582411,1704870085,Sandwich Brød,Optional,0,1,1,7,2024-01-10T09:01:25
780880,582411,1704870085,Salat Brød,Optional,0,1,1,8,2024-01-10T09:01:25
786353,327349,1704890100,Extra toppings,Optional,1,1,10,0,2024-01-10T14:35:00
788594,595624,1704896160,Vælg Pizzabund,Optional,0,1,1,0,2024-01-10T16:16:00
788595,595624,1704896160,"Alm, Deep Pan Eksra Toppings",Optional,0,0,38,1,2024-01-10T16:16:00
788596,595624,1704896160,Fam Eksra Toppings,Optional,0,0,38,2,2024-01-10T16:16:00
788597,595624,1704896160,Size 1,Optional,0,1,1,3,2024-01-10T16:16:00
788598,595624,1704896160,Protein Choice,Optional,0,1,1,4,2024-01-10T16:16:00
788599,595624,1704896160,Size 4,Optional,0,1,1,5,2024-01-10T16:16:00
788600,595624,1704896160,Durum Rulle Choice,Optional,0,1,1,6,2024-01-10T16:16:00
788601,595624,1704896160,Burritos Choice,Optional,0,1,1,7,2024-01-10T16:16:00
788602,595624,1704896160,Nachos Choice,Optional,0,1,1,8,2024-01-10T16:16:00
788603,595624,1704896160,Børne Choice,Optional,0,1,1,9,2024-01-10T16:16:00
788604,595624,1704896160,Børne Grill,Optional,0,1,1,10,2024-01-10T16:16:00
788605,595624,1704896160,Size 2,Optional,0,1,1,11,2024-01-10T16:16:00
788606,595624,1704896160,Size 3,Optional,0,1,1,12,2024-01-10T16:16:00
788607,595624,1704896160,Sodavand Choice,Optional,0,1,1,13,2024-01-10T16:16:00
799152,465308,1704929049,Size,Optional,0,1,1,0,2024-01-11T01:24:09
799726,766639,1704948466,Size 1,Optional,0,1,1,0,2024-01-11T06:47:46
799727,766639,1704948466,Size 2,Optional,0,1,1,1,2024-01-11T06:47:46
799728,766639,1704948466,Size 3,Optional,0,1,1,2,2024-01-11T06:47:46
799729,766639,1704948466,Size 4,Optional,0,1,1,3,2024-01-11T06:47:46
799730,766639,1704948466,Size 5,Optional,0,1,1,4,2024-01-11T06:47:46
799731,766639,1704948466,Size 6,Optional,0,1,1,5,2024-01-11T06:47:46
799732,766639,1704948466,Size 7,Optional,0,1,1,6,2024-01-11T06:47:46
799733,766639,1704948466,Size 8,Optional,0,1,1,7,2024-01-11T06:47:46
799734,766639,1704948466,Size 9,Optional,0,1,1,8,2024-01-11T06:47:46
799735,766639,1704948466,Size 10,Optional,0,1,1,9,2024-01-11T06:47:46
799736,766639,1704948466,Alm Ekstra Tilbehør,Optional,0,1,35,10,2024-01-11T06:47:46
799737,766639,1704948466,Fam Ekstra Tilbehør,Optional,0,0,35,11,2024-01-11T06:47:46
799738,766639,1704948466,Buggi Cheese Choice,Optional,0,0,1,12,2024-01-11T06:47:46
799739,766639,1704948466,Buggi Dobbelt Bacon Cheese Choice,Optional,0,0,1,13,2024-01-11T06:47:46
805361,465308,1704974393,Ekstra (L),Optional,1,1,5,2,2024-01-11T13:59:53
805368,465308,1704974423,Ekstra (XL),Optional,1,1,5,3,2024-01-11T14:00:23
805399,465308,1704974594,Ekstra i bæger,Optional,1,1,5,4,2024-01-11T14:03:14
808632,757577,1704982776,EkstraTilbheør,Optional,0,1,34,0,2024-01-11T16:19:36
808633,757577,1704982776,Dressing På Pizza,Optional,0,0,6,1,2024-01-11T16:19:36
808634,757577,1704982776,Bærepose,Optional,0,0,1,2,2024-01-11T16:19:36
808635,757577,1704982776,"Sodavand 0,33 L Choice",Optional,0,1,1,3,2024-01-11T16:19:36
808636,757577,1704982776,"Italensk sodavand 0,33 L",Optional,0,1,1,4,2024-01-11T16:19:36
808637,757577,1704982776,"Øl 0,33 L Choice",Optional,0,1,1,5,2024-01-11T16:19:36
808918,757577,1704983308,EkstraTilbheør,Optional,0,0,34,0,2024-01-11T16:28:28
808919,757577,1704983308,Dressing På Pizza,Optional,0,0,6,1,2024-01-11T16:28:28
808920,757577,1704983308,Bærepose,Optional,0,0,1,2,2024-01-11T16:28:28
808921,757577,1704983308,"Sodavand 0,33 L Choice",Optional,0,1,1,3,2024-01-11T16:28:28
808922,757577,1704983308,"Italiensk sodavand 0,33 L",Optional,0,1,1,4,2024-01-11T16:28:28
808923,757577,1704983308,"Øl 0,33 L Choice",Optional,0,1,1,5,2024-01-11T16:28:28
809420,757577,1704984411,"Sodavand 1,5 L Choice",Optional,0,1,1,6,2024-01-11T16:46:51
809487,582373,1704984636,Bagel Brød,Optional,0,1,1,0,2024-01-11T16:50:36
809488,582373,1704984636,Smørelse,Optional,0,1,1,1,2024-01-11T16:50:36
809489,582373,1704984636,Protein,Optional,0,1,1,2,2024-01-11T16:50:36
809490,582373,1704984636,Ekstra Protein,Optional,0,0,3,3,2024-01-11T16:50:36
809491,582373,1704984636,Tilbehør,Optional,0,1,3,4,2024-01-11T16:50:36
809492,582373,1704984636,Dressing,Optional,0,1,1,5,2024-01-11T16:50:36
809493,582373,1704984636,Tilføj Sodavand,Optional,0,0,3,6,2024-01-11T16:50:36
809494,582373,1704984636,Sandwich Brød,Optional,0,1,1,7,2024-01-11T16:50:36
809495,582373,1704984636,Salat Brød,Optional,0,1,1,8,2024-01-11T16:50:36
810380,686203,1704986873,Drikkevarer,Optional,0,1,1,0,2024-01-11T17:27:53
810829,659083,1704987860,Size 1,Optional,0,1,1,0,2024-01-11T17:44:20
810830,659083,1704987860,Brunch Choice,Optional,0,0,10,1,2024-01-11T17:44:20
810831,659083,1704987860,Smørrebrød Choice,Optional,0,1,1,2,2024-01-11T17:44:20
810832,659083,1704987860,Frida's Sandwich Choice,Optional,0,0,1,3,2024-01-11T17:44:20
820233,465308,1705011822,Prove,Optional,0,0,5,5,2024-01-12T00:23:42
820481,465308,1705014819,Size,Optional,0,1,1,1,2024-01-12T01:13:39
820901,465308,1705020453,Size,Optional,0,1,1,6,2024-01-12T02:47:33
820913,465308,1705020875,Size,Optional,0,1,1,7,2024-01-12T02:54:35
820924,465308,1705021025,Size,Optional,0,1,1,8,2024-01-12T02:57:05
820934,465308,1705021323,Size,Optional,0,1,1,9,2024-01-12T03:02:03
820942,465308,1705021459,Size,Optional,0,1,1,10,2024-01-12T03:04:19
820955,465308,1705021548,Size,Optional,0,1,1,11,2024-01-12T03:05:48
820959,465308,1705021620,Size,Optional,0,1,1,12,2024-01-12T03:07:00
820966,465308,1705021713,Size,Optional,0,1,1,13,2024-01-12T03:08:33
824897,552846,1705057478,Size 1,Optional,0,1,1,0,2024-01-12T13:04:38
824898,552846,1705057478,Size 2,Optional,0,1,1,1,2024-01-12T13:04:38
824901,552846,1705057478,Alm/Dp/Oste Ekstra Toppings,Optional,0,0,22,2,2024-01-12T13:04:38
824902,552846,1705057478,3 Pers Ekstra Toppings,Optional,0,0,22,3,2024-01-12T13:04:38
824903,552846,1705057478,5 Pers Ekstra Toppings,Optional,0,0,22,4,2024-01-12T13:04:38
824904,552846,1705057478,8 Pers Ekstra Toppings,Optional,0,0,22,5,2024-01-12T13:04:38
824905,552846,1705057478,Durum Rulle Choice,Optional,0,1,1,6,2024-01-12T13:04:38
824906,552846,1705057478,Pitabrød Choice,Optional,0,1,1,7,2024-01-12T13:04:38
824907,552846,1705057478,Ekstra Tilbehør,Optional,0,0,3,8,2024-01-12T13:04:38
824908,552846,1705057478,Salat Choice,Optional,0,1,1,9,2024-01-12T13:04:38
824909,552846,1705057478,Sodavand Choice,Optional,0,1,1,10,2024-01-12T13:04:38
824911,552846,1705057478,Vin Choice,Optional,0,1,1,11,2024-01-12T13:04:38
827191,498629,1705061572,The,Optional,0,1,1,10,2024-01-12T14:12:52
828993,532010,1705065462,Drikkevarer,Optional,1,1,1,0,2024-01-12T15:17:42
834768,686203,1705076577,Sodavand,Optional,0,1,1,1,2024-01-12T18:22:57
836651,417509,1705078430,Goong,Optional,0,1,1,0,2024-01-12T18:53:50
851883,702457,1705118253,Skæreost Choice,Optional,0,1,1,0,2024-01-13T05:57:33
851884,702457,1705118253,Fransk Brie eller Danablue Choice,Optional,0,1,1,1,2024-01-13T05:57:33
853068,789186,1705140136,Size 1,Optional,0,1,1,0,2024-01-13T12:02:16
853069,789186,1705140136,Alm Tilbehør,Optional,0,1,32,1,2024-01-13T12:02:16
853070,789186,1705140136,Deep Pan Tilbehør,Optional,0,1,32,2,2024-01-13T12:02:16
853071,789186,1705140136,Fam Tilbehør,Optional,0,1,32,3,2024-01-13T12:02:16
853072,789186,1705140136,Pitabrød Choice,Optional,0,1,1,4,2024-01-13T12:02:16
853073,789186,1705140136,Hjemmelavet Sandwich Choice,Optional,0,1,1,5,2024-01-13T12:02:16
853074,789186,1705140136,Size 2,Optional,0,1,1,6,2024-01-13T12:02:16
853495,789186,1705141011,Size 1,Optional,0,1,1,0,2024-01-13T12:16:51
853496,789186,1705141011,Alm Tilbehør,Optional,0,0,32,1,2024-01-13T12:16:51
853497,789186,1705141011,Deep Pan Tilbehør,Optional,0,0,32,2,2024-01-13T12:16:51
853498,789186,1705141011,Fam Tilbehør,Optional,0,0,32,3,2024-01-13T12:16:51
853499,789186,1705141011,Pitabrød Choice,Optional,0,1,1,4,2024-01-13T12:16:51
853500,789186,1705141011,Hjemmelavet Sandwich Choice,Optional,0,1,1,5,2024-01-13T12:16:51
853501,789186,1705141011,Size 2,Optional,0,1,1,6,2024-01-13T12:16:51
854980,498629,1705144358,Uden flødeskum,Optional,1,1,1,11,2024-01-13T13:12:38
855825,498629,1705146131,Uden flødeskum,Optional,0,0,1,12,2024-01-13T13:42:11
864732,806964,1705163331,Levering,Optional,0,1,1,7,2024-01-13T18:28:51
878278,453859,1705220899,Kiosk,Optional,0,1,1,0,2024-01-14T10:28:19
882947,552140,1705239413,Tilbud,Optional,0,1,1,29,2024-01-14T15:36:53
898465,498629,1705321018,Ingredienser,Optional,0,0,5,13,2024-01-15T14:16:58
898724,898548,1705321698,Size,Optional,0,1,1,0,2024-01-15T14:28:18
898725,898548,1705321698,Drink,Optional,0,1,1,1,2024-01-15T14:28:18
898726,898548,1705321698,Flavor,Optional,0,1,1,2,2024-01-15T14:28:18
903653,591944,1705336237,Ingen ekstra dressing,Optional,0,1,1,2,2024-01-15T18:30:37
903768,591944,1705336453,Grill retter ekstra,Optional,1,0,10,3,2024-01-15T18:34:13
905587,591944,1705340543,Ekstra flæsk/Steg,Optional,1,1,100,4,2024-01-15T19:42:23
908737,894032,1705380887,Size 1,Optional,0,1,1,0,2024-01-16T06:54:47
908738,894032,1705380887,Size 2,Optional,0,1,1,1,2024-01-16T06:54:47
908739,894032,1705380887,Size 3,Optional,0,1,1,2,2024-01-16T06:54:47
908740,894032,1705380887,Size 4,Optional,0,1,1,3,2024-01-16T06:54:47
908741,894032,1705380887,Size 5,Optional,0,1,1,4,2024-01-16T06:54:47
908742,894032,1705380887,Size 6,Optional,0,1,1,5,2024-01-16T06:54:47
908743,894032,1705380887,Size 7,Optional,0,1,1,6,2024-01-16T06:54:47
908744,894032,1705380887,Size 8,Optional,0,1,1,7,2024-01-16T06:54:47
908745,894032,1705380887,Size 9,Optional,0,1,1,8,2024-01-16T06:54:47
908746,894032,1705380887,Alm Ekstra Tilbehør,Optional,0,0,7,9,2024-01-16T06:54:47
908747,894032,1705380887,Fam Ekstra Tilbehør,Optional,0,0,7,10,2024-01-16T06:54:47
909082,790220,1705389602,Happy Hour Choice,Optional,0,1,1,0,2024-01-16T09:20:02
909083,790220,1705389602,Size 1,Optional,0,1,1,1,2024-01-16T09:20:02
911441,757577,1705401363,Ekstra Fyld,Optional,1,0,20,6,2024-01-16T12:36:03
913427,913419,1705405391,Size,Optional,0,1,1,0,2024-01-16T13:43:11
913428,913419,1705405391,Drink,Optional,0,1,1,1,2024-01-16T13:43:11
913429,913419,1705405391,Flavor,Optional,0,1,1,2,2024-01-16T13:43:11
916946,478433,1705415093,Double shot,Optional,0,1,1,20,2024-01-16T16:24:53
917025,478433,1705415340,Varme drikke size,Optional,0,1,1,21,2024-01-16T16:29:00
917047,478433,1705415397,Kaffe med spirtus,Optional,0,1,5,22,2024-01-16T16:29:57
923314,923303,1705426435,Size,Optional,0,1,1,0,2024-01-16T19:33:55
923315,923303,1705426435,Drink,Optional,0,1,1,1,2024-01-16T19:33:55
923316,923303,1705426435,Flavor,Optional,0,1,1,2,2024-01-16T19:33:55
937147,894372,1705506826,Size 1,Optional,0,1,1,0,2024-01-17T17:53:46
937148,894372,1705506826,Size 2,Optional,0,1,1,1,2024-01-17T17:53:46
937149,894372,1705506826,Size 3,Optional,0,1,1,2,2024-01-17T17:53:46
937150,894372,1705506826,Size 4,Optional,0,1,1,3,2024-01-17T17:53:46
937151,894372,1705506826,Size 5,Optional,0,1,1,4,2024-01-17T17:53:46
937152,894372,1705506826,Size 6,Optional,0,1,1,5,2024-01-17T17:53:46
937153,894372,1705506826,Size 7,Optional,0,1,1,6,2024-01-17T17:53:46
937154,894372,1705506826,Size 8,Optional,0,1,1,7,2024-01-17T17:53:46
937155,894372,1705506826,Size 9,Optional,0,1,1,8,2024-01-17T17:53:46
937156,894372,1705506826,Sandwich Grovbolle Choice,Optional,0,1,1,9,2024-01-17T17:53:46
937157,894372,1705506826,Rejer Choice,Optional,0,1,1,10,2024-01-17T17:53:46
945285,528341,1705550286,Frokost i Café Havehuset Choice,Optional,0,1,1,0,2024-01-18T05:58:06
945286,528341,1705550286,Stykker Rugbrød eller Franskbrød Choice,Optional,0,1,1,1,2024-01-18T05:58:06
945287,528341,1705550286,Sandwich Choice,Optional,0,1,1,2,2024-01-18T05:58:06
945288,528341,1705550286,Drikkevare Choice,Optional,0,1,1,3,2024-01-18T05:58:06
945289,528341,1705550286,Kaffe/kakao Choice,Optional,0,1,1,4,2024-01-18T05:58:06
945290,528341,1705550286,Cafésæt Choice,Optional,0,1,1,5,2024-01-18T05:58:06
945291,528341,1705550286,Vælg Mellem,Optional,0,1,1,6,2024-01-18T05:58:06
945292,528341,1705550286,Size 1,Optional,0,1,1,7,2024-01-18T05:58:06
945293,528341,1705550286,Pellegrino Sodavand Choice,Optional,0,1,1,8,2024-01-18T05:58:06
945294,528341,1705550286,Juice Choice,Optional,0,1,1,9,2024-01-18T05:58:06
945295,528341,1705550286,Limonade Choice,Optional,0,1,1,10,2024-01-18T05:58:06
945296,528341,1705550286,Size 2,Optional,0,1,1,11,2024-01-18T05:58:06
945515,617902,1705561428,Size 1,Optional,0,1,1,0,2024-01-18T09:03:48
945516,617902,1705561428,Size 2,Optional,0,1,1,1,2024-01-18T09:03:48
945517,617902,1705561428,Size 3,Optional,0,1,1,2,2024-01-18T09:03:48
945518,617902,1705561428,Size 4,Optional,0,1,1,3,2024-01-18T09:03:48
945519,617902,1705561428,Size 5,Optional,0,1,1,4,2024-01-18T09:03:48
945520,617902,1705561428,Size 6,Optional,0,1,1,5,2024-01-18T09:03:48
945521,617902,1705561428,Size 7,Optional,0,1,1,6,2024-01-18T09:03:48
945522,617902,1705561428,Size 8,Optional,0,1,1,7,2024-01-18T09:03:48
945523,617902,1705561428,Size 9,Optional,0,1,1,8,2024-01-18T09:03:48
945524,617902,1705561428,Size 10,Optional,0,1,1,9,2024-01-18T09:03:48
945525,617902,1705561428,Size 11,Optional,0,1,1,10,2024-01-18T09:03:48
945526,617902,1705561428,Size 12,Optional,0,1,1,11,2024-01-18T09:03:48
945527,617902,1705561428,Size 13,Optional,0,1,1,12,2024-01-18T09:03:48
945528,617902,1705561428,Size 14,Optional,0,1,1,13,2024-01-18T09:03:48
945529,617902,1705561428,Size 15,Optional,0,1,1,14,2024-01-18T09:03:48
945530,617902,1705561428,Size 16,Optional,0,1,1,15,2024-01-18T09:03:48
945531,617902,1705561428,Deep Pan,Optional,1,0,3,16,2024-01-18T09:03:48
945532,617902,1705561428,Ekstra Tilbehør Alm,Optional,0,0,31,17,2024-01-18T09:03:48
945533,617902,1705561428,Ekstra Tilbehør Fam,Optional,0,0,31,18,2024-01-18T09:03:48
945534,617902,1705561428,Ekstra Fyld På Choice,Optional,0,0,3,19,2024-01-18T09:03:48
976392,617902,1705670443,Ekstra fyld,Optional,0,0,3,19,2024-01-19T15:20:43
1041295,511948,1705858055,Salg af ølkort,Optional,1,1,1,0,2024-01-21T19:27:35
1041362,511948,1705858164,Udlevering på Ølkort,Optional,1,1,1,1,2024-01-21T19:29:24
1084255,809984,1706082696,Hot Drinks,Optional,1,1,1,0,2024-01-24T09:51:36
1088403,1088395,1706095576,Size,Optional,0,1,1,0,2024-01-24T13:26:16
1088404,1088395,1706095576,Drink,Optional,0,1,1,1,2024-01-24T13:26:16
1088405,1088395,1706095576,Flavor,Optional,0,1,1,2,2024-01-24T13:26:16
1107388,449004,1706177379,Size 7,Optional,0,0,5,8,2024-01-25T12:09:39
1111231,449004,1706183327,Size 8,Optional,0,0,5,9,2024-01-25T13:48:47
1111712,449004,1706184116,Size 9,Optional,0,0,9,10,2024-01-25T14:01:56
1115853,1115691,1706192230,Size,Optional,0,1,1,0,2024-01-25T16:17:10
1115854,1115691,1706192230,Drink,Optional,0,1,1,1,2024-01-25T16:17:10
1115855,1115691,1706192230,Flavor,Optional,0,1,1,2,2024-01-25T16:17:10
1127612,1127605,1706210294,Size,Optional,0,1,1,0,2024-01-25T21:18:14
1127613,1127605,1706210294,Drink,Optional,0,1,1,1,2024-01-25T21:18:14
1127614,1127605,1706210294,Flavor,Optional,0,1,1,2,2024-01-25T21:18:14
1130820,564687,1706242646,Sirups,Optional,0,0,3,1,2024-01-26T06:17:26
1140239,564687,1706275750,Size 2,Optional,0,1,1,2,2024-01-26T15:29:10
1141308,565343,1706277546,Size 1,Optional,0,1,1,0,2024-01-26T15:59:06
1141309,565343,1706277546,Size 2,Optional,0,1,1,1,2024-01-26T15:59:06
1141311,565343,1706277546,Size 3,Optional,0,1,1,2,2024-01-26T15:59:06
1218620,1218389,1706521473,Size,Optional,0,1,1,0,2024-01-29T11:44:33
1218621,1218389,1706521473,Drink,Optional,0,1,1,1,2024-01-29T11:44:33
1218622,1218389,1706521473,Flavor,Optional,0,1,1,2,2024-01-29T11:44:33
1236676,583447,1706585233,Ris elle Nudler,Optional,0,0,2,0,2024-01-30T05:27:13
1236677,583447,1706585233,Wokret Choice,Optional,0,1,1,1,2024-01-30T05:27:13
1236678,583447,1706585233,Behør Tilbud Choice,Optional,0,0,2,2,2024-01-30T05:27:13
1236679,583447,1706585233,Pommes Frites eller Ris Choice,Optional,0,1,1,3,2024-01-30T05:27:13
1236680,583447,1706585233,Indbagt Kylling Choice,Optional,0,1,1,4,2024-01-30T05:27:13
1236681,583447,1706585233,2 Retters Menu Choice,Optional,0,1,1,5,2024-01-30T05:27:13
1236682,583447,1706585233,4 Retter Menu Choice,Optional,0,1,1,6,2024-01-30T05:27:13
1236834,583447,1706585517,Børnmenu Choice,Optional,0,1,1,7,2024-01-30T05:31:57
1248277,619268,1706628159,Sandwich,Optional,0,1,1,0,2024-01-30T17:22:39
1267635,806964,1706702858,Fest,Optional,0,1,1,0,2024-01-31T14:07:38
1297820,599346,1706791333,"+18,-",Optional,0,1,1,9,2024-02-01T14:42:13
1320323,599346,1706869068,Kande,Optional,0,1,1,10,2024-02-02T12:17:48
1320399,599346,1706869262,"2 ens for 135,-",Optional,0,1,1,11,2024-02-02T12:21:02
1320597,599346,1706869667,Tapas,Optional,0,1,1,12,2024-02-02T12:27:47
1320617,1320492,1706869700,Size,Optional,0,1,1,0,2024-02-02T12:28:20
1320618,1320492,1706869700,Drink,Optional,0,1,1,1,2024-02-02T12:28:20
1320619,1320492,1706869700,Flavor,Optional,0,1,1,2,2024-02-02T12:28:20
1330457,806964,1706881426,Børn 6 - 11 år,Optional,0,1,1,1,2024-02-02T15:43:46
1330790,806964,1706881780,Børn 0 - 5 år,Optional,0,1,1,2,2024-02-02T15:49:40
1330837,1246159,1706881904,Size 1,Optional,0,1,1,0,2024-02-02T15:51:44
1330838,1246159,1706881904,Size 2,Optional,0,1,1,1,2024-02-02T15:51:44
1330839,1246159,1706881904,Size 3,Optional,0,1,1,2,2024-02-02T15:51:44
1330840,1246159,1706881904,Size 4,Optional,0,1,1,3,2024-02-02T15:51:44
1330841,1246159,1706881904,Size 5,Optional,0,1,1,4,2024-02-02T15:51:44
1330842,1246159,1706881904,Size 6,Optional,0,1,1,5,2024-02-02T15:51:44
1332336,806964,1706883731,Irish Coffee,Optional,0,1,1,17,2024-02-02T16:22:11
1332518,806964,1706883952,Møllerens,Optional,0,1,1,3,2024-02-02T16:25:52
1332550,806964,1706884006,Luksus,Optional,0,1,1,4,2024-02-02T16:26:46
1332579,806964,1706884071,Årstidens,Optional,0,1,1,5,2024-02-02T16:27:51
1332925,806964,1706884527,Forretter UAH,Optional,0,1,1,6,2024-02-02T16:35:27
1333003,806964,1706884670,Suppe,Optional,0,1,1,8,2024-02-02T16:37:50
1333011,806964,1706884698,Hovedretter UAH,Optional,0,1,1,9,2024-02-02T16:38:18
1333079,806964,1706884839,Jagtfrokost,Optional,0,1,1,10,2024-02-02T16:40:39
1333161,806964,1706884948,Desserter,Optional,0,1,1,11,2024-02-02T16:42:28
1333260,806964,1706885103,Tilkøb,Optional,0,1,1,12,2024-02-02T16:45:03
1333629,806964,1706885604,Svinekam stegt som vildt,Optional,0,1,1,13,2024-02-02T16:53:24
1334415,806964,1706886720,Kalvesteg stegt som vildt,Optional,0,1,1,14,2024-02-02T17:12:00
1334640,806964,1706886978,Stegebuffet med 3 slags kød m.m.,Optional,0,1,1,15,2024-02-02T17:16:18
1334922,806964,1706887267,Tilkøb til busmenu,Optional,0,1,1,16,2024-02-02T17:21:07
1451924,1419958,1707228352,Size 1,Optional,0,1,1,0,2024-02-06T16:05:52
1451925,1419958,1707228352,Size 2,Optional,0,1,1,1,2024-02-06T16:05:52
1451926,1419958,1707228352,Snacks Choice,Optional,0,1,1,2,2024-02-06T16:05:52
1451927,1419958,1707228352,Drinks Choice,Optional,0,1,1,3,2024-02-06T16:05:52
1451928,1419958,1707228352,Burger Extras,Optional,0,0,2,4,2024-02-06T16:05:52
1451929,1419958,1707228352,Pitabrød Choice,Optional,0,0,1,5,2024-02-06T16:05:52
1451930,1419958,1707228352,Pitabrød med Falafel Choice,Optional,0,0,1,6,2024-02-06T16:05:52
1451931,1419958,1707228352,Durum Choice,Optional,0,0,1,7,2024-02-06T16:05:52
1451932,1419958,1707228352,Durum med Falafel Choice,Optional,0,0,1,8,2024-02-06T16:05:52
1451933,1419958,1707228352,Burger Choice,Optional,0,0,1,9,2024-02-06T16:05:52
1493743,1244494,1707366165,Size 1,Optional,0,1,1,0,2024-02-08T06:22:45
1493744,1244494,1707366165,Brunch Choice,Optional,0,0,4,1,2024-02-08T06:22:45
1493745,1244494,1707366165,Size 2,Optional,0,1,1,2,2024-02-08T06:22:45
1493746,1244494,1707366165,Nachos Choice,Optional,0,1,1,3,2024-02-08T06:22:45
1493747,1244494,1707366165,Salater Ekstras,Optional,0,0,3,4,2024-02-08T06:22:45
1493748,1244494,1707366165,Burgere Ekstras,Optional,0,0,2,5,2024-02-08T06:22:45
1493749,1244494,1707366165,Gammeldags æblekage Choice,Optional,0,0,1,6,2024-02-08T06:22:45
1493750,1244494,1707366165,Ekstras,Optional,0,0,2,7,2024-02-08T06:22:45
1493751,1244494,1707366165,Size 3,Optional,0,1,1,8,2024-02-08T06:22:45
1493752,1244494,1707366165,Size 4,Optional,0,1,1,9,2024-02-08T06:22:45
1493753,1244494,1707366165,Size 5,Optional,0,1,1,10,2024-02-08T06:22:45
1493754,1244494,1707366165,Size 6,Optional,0,1,1,11,2024-02-08T06:22:45
1493755,1244494,1707366165,Ekstra Shot,Optional,0,0,1,12,2024-02-08T06:22:45
1493756,1244494,1707366165,Size 7,Optional,0,1,1,13,2024-02-08T06:22:45
1493757,1244494,1707366165,Size 8,Optional,0,1,1,14,2024-02-08T06:22:45
1493758,1244494,1707366165,Shake Choice,Optional,0,1,1,15,2024-02-08T06:22:45
1493759,1244494,1707366165,Morgenjuce Choice,Optional,0,1,1,16,2024-02-08T06:22:45
1493760,1244494,1707366165,Juice Choice,Optional,0,1,1,17,2024-02-08T06:22:45
1493761,1244494,1707366165,Te i Kande Choice,Optional,0,1,1,18,2024-02-08T06:22:45
1493762,1244494,1707366165,Size 9,Optional,0,1,1,19,2024-02-08T06:22:45
1493763,1244494,1707366165,Size 10,Optional,0,1,1,20,2024-02-08T06:22:45
1493764,1244494,1707366165,Size 11,Optional,0,1,1,21,2024-02-08T06:22:45
1493765,1244494,1707366165,Size 12,Optional,0,1,1,22,2024-02-08T06:22:45
1493766,1244494,1707366165,Size 13,Optional,0,1,1,23,2024-02-08T06:22:45
1493767,1244494,1707366165,Size 14,Optional,0,1,1,24,2024-02-08T06:22:45
1493768,1244494,1707366165,Size 15,Optional,0,1,1,25,2024-02-08T06:22:45
1493769,1244494,1707366165,Size 16,Optional,0,1,1,26,2024-02-08T06:22:45
1494021,1244494,1707367639,Menu 1 Choice,Optional,0,1,1,27,2024-02-08T06:47:19
1494025,1244494,1707367727,Menu 2 Choice,Optional,0,1,1,28,2024-02-08T06:48:47
1550019,1547577,1707504024,Ekstra fyld,Optional,1,0,10,0,2024-02-09T20:40:24
1550020,1547577,1707504024,Størrelse,Optional,0,0,1,1,2024-02-09T20:40:24
1550021,1547577,1707504024,Menu,Optional,0,0,1,2,2024-02-09T20:40:24
1550022,1547577,1707504024,Med kød,Optional,0,0,1,3,2024-02-09T20:40:24
1550023,1547577,1707504024,Med sucuk,Optional,0,0,1,4,2024-02-09T20:40:24
1550024,1547577,1707504024,Tilbehør,Optional,0,1,1,5,2024-02-09T20:40:24
1550025,1547577,1707504024,Vælg Dressing,Optional,0,1,1,6,2024-02-09T20:40:24
1550026,1547577,1707504024,Brødtype,Optional,0,1,1,7,2024-02-09T20:40:24
1550027,1547577,1707504024,Vælg Fyld,Optional,0,1,1,8,2024-02-09T20:40:24
1550028,1547577,1707504024,Dressing,Optional,0,1,2,9,2024-02-09T20:40:24
1550029,1547577,1707504024,Øvrigt,Optional,0,1,5,10,2024-02-09T20:40:24
1618024,1617411,1707741051,Size,Optional,0,1,1,0,2024-02-12T14:30:51
1618025,1617411,1707741051,Drink,Optional,0,1,1,1,2024-02-12T14:30:51
1618026,1617411,1707741051,Flavor,Optional,0,1,1,2,2024-02-12T14:30:51
1620362,1620310,1707746039,Size,Optional,0,1,1,0,2024-02-12T15:53:59
1620363,1620310,1707746039,Drink,Optional,0,1,1,1,2024-02-12T15:53:59
1620364,1620310,1707746039,Flavor,Optional,0,1,1,2,2024-02-12T15:53:59
1634588,599346,1707819892,Pure shot,Optional,0,1,1,13,2024-02-13T12:24:52
1635432,599346,1707821381,Sambuca shot,Optional,0,1,1,14,2024-02-13T12:49:41
1639178,429123,1707826913,Vand,Optional,0,20,30,9,2024-02-13T14:21:53
1643106,429123,1707833468,Rose Vin languedoc,Optional,0,1,1,10,2024-02-13T16:11:08
1643201,429123,1707833731,Roedvin bordeaux,Optional,0,1,1,11,2024-02-13T16:15:31
1643230,429123,1707833815,Moulin-a-vent og crozes,Optional,0,1,1,12,2024-02-13T16:16:55
1643607,1494474,1707834551,Size 1,Optional,0,1,1,0,2024-02-13T16:29:11
1643608,1494474,1707834551,Brun Sovs Choice,Optional,0,0,1,1,2024-02-13T16:29:11
1643609,1494474,1707834551,Size 2,Optional,0,1,1,2,2024-02-13T16:29:11
1643610,1494474,1707834551,Ekstras,Optional,0,0,1,3,2024-02-13T16:29:11
1643611,1494474,1707834551,Kugleis Eller Soft-Ice Choice,Optional,0,1,1,4,2024-02-13T16:29:11
1643613,1494474,1707834551,Size 3,Optional,0,1,1,5,2024-02-13T16:29:11
1643614,1494474,1707834551,Size 4,Optional,0,1,1,6,2024-02-13T16:29:11
1658279,1105770,1707890000,Alm Ekstras,Optional,0,0,38,0,2024-02-14T07:53:20
1658280,1105770,1707890000,3 Pers Ekstras,Optional,0,0,38,1,2024-02-14T07:53:20
1658281,1105770,1707890000,6 Pers Ekstras,Optional,0,0,38,2,2024-02-14T07:53:20
1658282,1105770,1707890000,Size 1,Optional,0,1,1,3,2024-02-14T07:53:20
1658283,1105770,1707890000,Size 2,Optional,0,1,1,4,2024-02-14T07:53:20
1658284,1105770,1707890000,Size 3,Optional,0,1,1,5,2024-02-14T07:53:20
1658285,1105770,1707890000,Size 4,Optional,0,1,1,6,2024-02-14T07:53:20
1658286,1105770,1707890000,Size 5,Optional,0,1,1,7,2024-02-14T07:53:20
1658287,1105770,1707890000,Size 6,Optional,0,1,1,8,2024-02-14T07:53:20
1658288,1105770,1707890000,Size 7,Optional,0,1,1,9,2024-02-14T07:53:20
1658289,1105770,1707890000,Size 8,Optional,0,1,1,10,2024-02-14T07:53:20
1658290,1105770,1707890000,Size 9,Optional,0,1,1,11,2024-02-14T07:53:20
1658291,1105770,1707890000,Mumis Choice,Optional,0,1,1,12,2024-02-14T07:53:20
1658292,1105770,1707890000,Menu,Optional,0,0,1,13,2024-02-14T07:53:20
1658293,1105770,1707890000,Mexi Burger Menu,Optional,0,0,1,14,2024-02-14T07:53:20
1658294,1105770,1707890000,Cheese Burger Choice,Optional,0,0,1,15,2024-02-14T07:53:20
1658295,1105770,1707890000,Jumbo Burger Choice,Optional,0,0,1,16,2024-02-14T07:53:20
1658296,1105770,1707890000,Kurdisk Sandwich Choice,Optional,0,0,1,17,2024-02-14T07:53:20
1658297,1105770,1707890000,Nachos Choice,Optional,0,1,1,18,2024-02-14T07:53:20
1658298,1105770,1707890000,Size 10,Optional,0,1,1,19,2024-02-14T07:53:20
1658299,1105770,1707890000,Tirsdags Tilbud Choice,Optional,0,0,24,20,2024-02-14T07:53:20
1658300,1105770,1707890000,Size 11,Optional,0,1,1,21,2024-02-14T07:53:20
1689342,484238,1707993214,Mønt,Optional,1,1,1,4,2024-02-15T12:33:34
1704367,570408,1708015796,Brød ekstra,Optional,1,1,5,2,2024-02-15T18:49:56
1716255,1617411,1708074872,Is-Kaffe Choice,Optional,0,1,1,0,2024-02-16T11:14:32
1716256,1617411,1708074872,Sodavand Choice,Optional,0,1,1,1,2024-02-16T11:14:32
1716257,1617411,1708074872,Vin Choice,Optional,0,1,1,2,2024-02-16T11:14:32
1716258,1617411,1708074872,Size 1,Optional,0,1,1,3,2024-02-16T11:14:32
1716259,1617411,1708074872,Size 2,Optional,0,1,1,4,2024-02-16T11:14:32
1716260,1617411,1708074872,Size 3,Optional,0,1,1,5,2024-02-16T11:14:32
1716262,1617411,1708074872,Size 4,Optional,0,1,1,6,2024-02-16T11:14:32
1716264,1617411,1708074872,Size 5,Optional,0,1,1,7,2024-02-16T11:14:32
1716265,1617411,1708074872,Size 6,Optional,0,1,1,8,2024-02-16T11:14:32
1716266,1617411,1708074872,Size 7,Optional,0,1,1,9,2024-02-16T11:14:32
1716267,1617411,1708074872,Size 8,Optional,0,1,1,10,2024-02-16T11:14:32
1716268,1617411,1708074872,Size 9,Optional,0,1,1,11,2024-02-16T11:14:32
1716269,1617411,1708074872,Size 10,Optional,0,1,1,12,2024-02-16T11:14:32
1716270,1617411,1708074872,Size 11,Optional,0,1,1,13,2024-02-16T11:14:32
1716271,1617411,1708074872,Size 12,Optional,0,1,1,14,2024-02-16T11:14:32
1716273,1617411,1708074872,Size 13,Optional,0,1,1,15,2024-02-16T11:14:32
1716274,1617411,1708074872,Size 14,Optional,0,1,1,16,2024-02-16T11:14:32
1716276,1617411,1708074872,Size 15,Optional,0,1,1,17,2024-02-16T11:14:32
1716277,1617411,1708074872,Size 16,Optional,0,1,1,18,2024-02-16T11:14:32
1716278,1617411,1708074872,Size 17,Optional,0,1,1,19,2024-02-16T11:14:32
1716279,1617411,1708074872,Size 18,Optional,0,1,1,20,2024-02-16T11:14:32
1716280,1617411,1708074872,Size 19,Optional,0,1,1,21,2024-02-16T11:14:32
1716281,1617411,1708074872,Size 20,Optional,0,1,1,22,2024-02-16T11:14:32
1716282,1617411,1708074872,Size 21,Optional,0,1,1,23,2024-02-16T11:14:32
1716283,1617411,1708074872,Size 22,Optional,0,1,1,24,2024-02-16T11:14:32
1728709,1105770,1708092986,Burger Menu,Optional,0,0,1,22,2024-02-16T16:16:26
1754619,1247330,1708144113,Size 1,Optional,0,1,1,0,2024-02-17T06:28:33
1830445,1694473,1708408366,Sodavand Choice,Optional,0,1,1,0,2024-02-20T07:52:46
1830446,1694473,1708408366,Size 1,Optional,0,1,1,1,2024-02-20T07:52:46
1830447,1694473,1708408366,Size 2,Optional,0,1,1,2,2024-02-20T07:52:46
1830448,1694473,1708408366,Size 3,Optional,0,1,1,3,2024-02-20T07:52:46
1830449,1694473,1708408366,Size 4,Optional,0,1,1,4,2024-02-20T07:52:46
1830450,1694473,1708408366,Size 5,Optional,0,1,1,5,2024-02-20T07:52:46
1830451,1694473,1708408366,Size 6,Optional,0,1,1,6,2024-02-20T07:52:46
1830452,1694473,1708408366,Size 7,Optional,0,1,1,7,2024-02-20T07:52:46
1830453,1694473,1708408366,Size 8,Optional,0,1,1,8,2024-02-20T07:52:46
1830454,1694473,1708408366,Size 9,Optional,0,1,1,9,2024-02-20T07:52:46
1830455,1694473,1708408366,Size 10,Optional,0,1,1,10,2024-02-20T07:52:46
1830456,1694473,1708408366,Size 11,Optional,0,1,1,11,2024-02-20T07:52:46
1830457,1694473,1708408366,Size 12,Optional,0,1,1,12,2024-02-20T07:52:46
1830458,1694473,1708408366,Size 13,Optional,0,1,1,13,2024-02-20T07:52:46
1830459,1694473,1708408366,Size 14,Optional,0,1,1,14,2024-02-20T07:52:46
1830460,1694473,1708408366,Size 15,Optional,0,1,1,15,2024-02-20T07:52:46
1830461,1694473,1708408366,Size 16,Optional,0,1,1,16,2024-02-20T07:52:46
1830462,1694473,1708408366,Size 17,Optional,0,1,1,17,2024-02-20T07:52:46
1830463,1694473,1708408366,Size 18,Optional,0,1,1,18,2024-02-20T07:52:46
1830464,1694473,1708408366,Size 19,Optional,0,1,1,19,2024-02-20T07:52:46
1830465,1694473,1708408366,Size 20,Optional,0,1,1,20,2024-02-20T07:52:46
1830466,1694473,1708408366,Size 21,Optional,0,1,1,21,2024-02-20T07:52:46
1830467,1694473,1708408366,Size 22,Optional,0,1,1,22,2024-02-20T07:52:46
1830468,1694473,1708408366,Size 23,Optional,0,1,1,23,2024-02-20T07:52:46
1830469,1694473,1708408366,Size 24,Optional,0,1,1,24,2024-02-20T07:52:46
1830470,1694473,1708408366,Size 25,Optional,0,1,1,25,2024-02-20T07:52:46
1830471,1694473,1708408366,"Alm, Dobblet Bund, UFO Ekstra Tilbehør",Optional,0,1,38,26,2024-02-20T07:52:46
1830472,1694473,1708408366,Fam Ekstra Tilbehør,Optional,0,1,38,27,2024-02-20T07:52:46
1830671,1694473,1708409141,Sodavand Choice,Optional,0,1,1,0,2024-02-20T08:05:41
1830672,1694473,1708409141,Size 1,Optional,0,1,1,1,2024-02-20T08:05:41
1830673,1694473,1708409141,Size 2,Optional,0,1,1,2,2024-02-20T08:05:41
1830674,1694473,1708409141,Size 3,Optional,0,1,1,3,2024-02-20T08:05:41
1830675,1694473,1708409141,Size 4,Optional,0,1,1,4,2024-02-20T08:05:41
1830676,1694473,1708409141,Size 5,Optional,0,1,1,5,2024-02-20T08:05:41
1830677,1694473,1708409141,Size 6,Optional,0,1,1,6,2024-02-20T08:05:41
1830678,1694473,1708409141,Size 7,Optional,0,1,1,7,2024-02-20T08:05:41
1830679,1694473,1708409141,Size 8,Optional,0,1,1,8,2024-02-20T08:05:41
1830680,1694473,1708409141,Size 9,Optional,0,1,1,9,2024-02-20T08:05:41
1830681,1694473,1708409141,Size 10,Optional,0,1,1,10,2024-02-20T08:05:41
1830682,1694473,1708409141,Size 11,Optional,0,1,1,11,2024-02-20T08:05:41
1830683,1694473,1708409141,Size 12,Optional,0,1,1,12,2024-02-20T08:05:41
1830684,1694473,1708409141,Size 13,Optional,0,1,1,13,2024-02-20T08:05:41
1830685,1694473,1708409141,Size 14,Optional,0,1,1,14,2024-02-20T08:05:41
1830686,1694473,1708409141,Size 15,Optional,0,1,1,15,2024-02-20T08:05:41
1830687,1694473,1708409141,Size 16,Optional,0,1,1,16,2024-02-20T08:05:41
1830688,1694473,1708409141,Size 17,Optional,0,1,1,17,2024-02-20T08:05:41
1830689,1694473,1708409141,Size 18,Optional,0,1,1,18,2024-02-20T08:05:41
1830690,1694473,1708409141,Size 19,Optional,0,1,1,19,2024-02-20T08:05:41
1830691,1694473,1708409141,Size 20,Optional,0,1,1,20,2024-02-20T08:05:41
1830692,1694473,1708409141,Size 21,Optional,0,1,1,21,2024-02-20T08:05:41
1830693,1694473,1708409141,Size 22,Optional,0,1,1,22,2024-02-20T08:05:41
1830694,1694473,1708409141,Size 23,Optional,0,1,1,23,2024-02-20T08:05:41
1830695,1694473,1708409141,Size 24,Optional,0,1,1,24,2024-02-20T08:05:41
1830696,1694473,1708409141,Size 25,Optional,0,1,1,25,2024-02-20T08:05:41
1830697,1694473,1708409141,"Alm, Dobblet Bund, UFO Ekstra Tilbehør",Optional,0,0,38,26,2024-02-20T08:05:41
1830698,1694473,1708409141,Fam Ekstra Tilbehør,Optional,0,0,38,27,2024-02-20T08:05:41
1843750,1814570,1708437663,Tilkøb,Optional,0,0,1,0,2024-02-20T16:01:03
1843751,1814570,1708437663,Jam/Marmelade Choice,Optional,0,0,1,1,2024-02-20T16:01:03
1843753,1814570,1708437663,Nutella Choice,Optional,0,0,1,2,2024-02-20T16:01:03
1843755,1814570,1708437663,Banan-Nutella Choice,Optional,0,0,1,3,2024-02-20T16:01:03
1843757,1814570,1708437663,Oreo Choice,Optional,0,0,1,4,2024-02-20T16:01:03
1843758,1814570,1708437663,Cookie-Caramel Choice,Optional,0,0,1,5,2024-02-20T16:01:03
1843759,1814570,1708437663,Dressing,Optional,0,0,4,6,2024-02-20T16:01:03
1843880,1814570,1708437841,Extra Sweets,Optional,0,0,6,7,2024-02-20T16:04:01
1843935,1814570,1708437971,Extra Savories,Optional,0,0,6,8,2024-02-20T16:06:11
1844073,1814570,1708438232,Vegetarian Choice,Optional,0,0,1,9,2024-02-20T16:10:32
1863739,1859919,1708512935,Dips,Optional,0,0,1,0,2024-02-21T12:55:35
1863741,1859919,1708512935,Size 1,Optional,0,1,1,1,2024-02-21T12:55:35
1863742,1859919,1708512935,Chicken & Fries Choice,Optional,0,1,1,2,2024-02-21T12:55:35
1863743,1859919,1708512935,Fries Choice,Optional,0,1,1,3,2024-02-21T12:55:35
1889149,1889141,1708592071,Size,Optional,0,1,1,0,2024-02-22T10:54:31
1889150,1889141,1708592071,Drink,Optional,0,1,1,1,2024-02-22T10:54:31
1889151,1889141,1708592071,Flavor,Optional,0,1,1,2,2024-02-22T10:54:31
1901630,1901272,1708613763,Vælg salat,Optional,0,1,1,0,2024-02-22T16:56:03
1901631,1901272,1708613763,Menu,Optional,0,1,1,0,2024-02-22T16:56:03
1901632,1901272,1708613763,Type,Optional,0,1,1,2,2024-02-22T16:56:03
1901633,1901272,1708613763,ekstra fyld,Optional,0,0,10,3,2024-02-22T16:56:03
1901634,1901272,1708613763,ekstra fyld (f),Optional,1,0,10,4,2024-02-22T16:56:03
1901635,1901272,1708613763,Vælg fyld (4),Optional,0,1,4,5,2024-02-22T16:56:03
1901636,1901272,1708613763,ekstra fyld (b),Optional,1,0,10,6,2024-02-22T16:56:03
1901637,1901272,1708613763,Vælg kød,Optional,0,1,1,7,2024-02-22T16:56:03
1977560,1976922,1708786101,ekstra fyld,Optional,0,0,10,0,2024-02-24T16:48:21
1977561,1976922,1708786101,Deep pan,Optional,0,0,1,1,2024-02-24T16:48:21
1977562,1976922,1708786101,ekstra fyld (f),Optional,0,0,10,2,2024-02-24T16:48:21
1977563,1976922,1708786101,ekstra fyld (b),Optional,1,0,10,3,2024-02-24T16:48:21
1977564,1976922,1708786101,Vælg fyld (4),Optional,0,1,4,4,2024-02-24T16:48:21
