id,place_id,created,title,type,created_datetime
317223,316229,1689258531,Drikkevarer,Normal,2023-07-13T17:28:51
317224,316229,1689258531,Mest brugte,Normal,2023-07-13T17:28:51
339316,316229,1692775958,Bus,Normal,2023-08-23T10:32:38
400413,400381,1697107546,Unspecified,Normal,2023-10-12T13:45:46
401317,381603,1697181667,Unspecified,Normal,2023-10-13T10:21:07
417151,417137,1698134513,Unspecified,Normal,2023-10-24T11:01:53
420716,420705,1698310100,Unspecified,Normal,2023-10-26T11:48:20
420838,420825,1698314970,Buffet,Normal,2023-10-26T13:09:30
428927,428910,1698656604,Gavekort,Normal,2023-10-30T11:03:24
429046,381603,1698660045,Burger & Sandwich,Normal,2023-10-30T12:00:45
429047,381603,1698660075,Menuer,Normal,2023-10-30T12:01:15
429048,381603,1698660086,Div. Mad,Normal,2023-10-30T12:01:26
429049,381603,1698660098,Kolde Drikke,Normal,2023-10-30T12:01:38
429050,381603,1698660112,Alkohol,Normal,2023-10-30T12:01:52
429051,381603,1698660133,Varme Drikke,Normal,2023-10-30T12:02:13
429052,381603,1698660150,Andet alkohol,Normal,2023-10-30T12:02:30
429053,381603,1698660160,Kiosk,Normal,2023-10-30T12:02:40
429054,381603,1698660179,Kager & Boller,Normal,2023-10-30T12:02:59
436256,436227,1698928530,Hovedmenu,Normal,2023-11-02T14:35:30
437734,433211,1698994153,Cafe,Normal,2023-11-03T08:49:13
438131,438114,1699006920,Unspecified,Normal,2023-11-03T12:22:00
438249,438235,1699009980,Mad,Normal,2023-11-03T13:13:00
440049,438114,1699077986,Pizza 1,Normal,2023-11-04T08:06:26
440050,438114,1699078033,Pizza 2,Normal,2023-11-04T08:07:13
440051,438114,1699078042,Pizza 3,Normal,2023-11-04T08:07:22
440052,438114,1699078059,Salat Pizza,Normal,2023-11-04T08:07:39
440053,438114,1699078074,Deluxe Pizza,Normal,2023-11-04T08:07:54
440054,438114,1699078118,Hollandske Pizza,Normal,2023-11-04T08:08:38
440055,438114,1699078180,Indbegte Pizza,Normal,2023-11-04T08:09:40
440056,438114,1699078217,Halvindbagte Pizza,Normal,2023-11-04T08:10:17
440057,438114,1699078257,B√∏rne Pizza,Normal,2023-11-04T08:10:57
440058,438114,1699078297,Pizza Sandwich,Normal,2023-11-04T08:11:37
440059,438114,1699078315,Durumrulle,Normal,2023-11-04T08:11:55
440060,438114,1699078373,Hjemmelavet Pitabr√∏d,Normal,2023-11-04T08:12:53
440061,438114,1699078400,Gusto's Special Sandwich,Normal,2023-11-04T08:13:20
440135,438114,1699082074,Pastaretter,Normal,2023-11-04T09:14:34
440144,438114,1699082713,Burger,Normal,2023-11-04T09:25:13
440254,438114,1699087739,Grill,Normal,2023-11-04T10:48:59
440364,438114,1699091047,Bagels,Normal,2023-11-04T11:44:07
440375,438114,1699091338,Ekstra Tilbeh√∏r,Normal,2023-11-04T11:48:58
440630,438114,1699097602,Drikkevarer,Normal,2023-11-04T13:33:22
444624,444585,1699256597,Bowtech-Akupunktur klinik,Normal,2023-11-06T09:43:17
447118,447096,1699359744,Frokost,Normal,2023-11-07T14:22:24
448502,444585,1699418634,Salon Naomi,Normal,2023-11-08T06:43:54
449675,352695,1699455477,Morgenbr√∏d,Normal,2023-11-08T16:57:57
449676,352695,1699455489,Kager Sm√•,Normal,2023-11-08T16:58:09
453689,453680,1699608953,Unspecified,Normal,2023-11-10T11:35:53
460525,420705,1699885600,Frokost Menu,Normal,2023-11-13T16:26:40
460530,420705,1699885727,Forretter,Normal,2023-11-13T16:28:47
460535,420705,1699885757,Sticks,Normal,2023-11-13T16:29:17
460542,420705,1699885897,Varme Retter,Normal,2023-11-13T16:31:37
460555,420705,1699886012,Menuer 1P,Normal,2023-11-13T16:33:32
460556,420705,1699886037,Menuer 2-4P,Normal,2023-11-13T16:33:57
460558,420705,1699886070,Nigiri,Normal,2023-11-13T16:34:30
460559,420705,1699886095,Inside-Out,Normal,2023-11-13T16:34:55
460560,420705,1699886127,Kaburi,Normal,2023-11-13T16:35:27
460561,420705,1699886165,Stor-Maki,Normal,2023-11-13T16:36:05
460566,420705,1699886199,Sm√•-maki,Normal,2023-11-13T16:36:39
460567,420705,1699886226,Ekstra,Normal,2023-11-13T16:37:06
460568,420705,1699886248,Drikkevarer,Normal,2023-11-13T16:37:28
465341,465308,1700055551,Unspecified,Normal,2023-11-15T15:39:11
468434,453680,1700145160,Sodas,Normal,2023-11-16T16:32:40
468436,453680,1700145179,Water,Normal,2023-11-16T16:32:59
468437,453680,1700145190,Juices,Normal,2023-11-16T16:33:10
468438,453680,1700145202,Beer,Normal,2023-11-16T16:33:22
468439,453680,1700145212,Kaffe,Normal,2023-11-16T16:33:32
468440,453680,1700145220,Tea,Normal,2023-11-16T16:33:40
468445,453680,1700145263,Red Wine,Normal,2023-11-16T16:34:23
468446,453680,1700145275,White Wine,Normal,2023-11-16T16:34:35
468447,453680,1700145285,Rose Wine,Normal,2023-11-16T16:34:45
468448,453680,1700145293,Smorrebrod Retter,Normal,2023-11-16T16:34:53
468449,453680,1700145303,Morgenmad,Normal,2023-11-16T16:35:03
470449,453680,1700213130,X Others Cofs,Normal,2023-11-17T11:25:30
470636,453680,1700215389,Boller,Normal,2023-11-17T12:03:09
470637,453680,1700215400,Sandwiches,Normal,2023-11-17T12:03:20
470638,453680,1700215411,Wienerbrod,Normal,2023-11-17T12:03:31
470639,453680,1700215422,Cake,Normal,2023-11-17T12:03:42
470640,453680,1700215433,Brod,Normal,2023-11-17T12:03:53
470642,453680,1700215460,Poke Bowl,Normal,2023-11-17T12:04:20
471192,471184,1700223818,Unspecified,Normal,2023-11-17T14:23:38
471704,471663,1700233527,Unspecified,Normal,2023-11-17T17:05:27
474980,400381,1700319502,Kasseapparat,Normal,2023-11-18T16:58:22
478445,478433,1700477007,Unspecified,Normal,2023-11-20T12:43:27
480228,478433,1700556920,Pizza,Normal,2023-11-21T10:55:20
480229,478433,1700556947,Mexicanske Pizza,Normal,2023-11-21T10:55:47
480232,478433,1700556967,Pizza Sandwich,Normal,2023-11-21T10:56:07
480233,478433,1700556991,Forretter,Normal,2023-11-21T10:56:31
480234,478433,1700557017,Salataer,Normal,2023-11-21T10:56:57
480235,478433,1700557032,Burger,Normal,2023-11-21T10:57:12
480236,478433,1700557059,Pita Br√∏d,Normal,2023-11-21T10:57:39
480238,478433,1700557079,Durum Rulle,Normal,2023-11-21T10:57:59
480239,478433,1700557113,K√∏dretter,Normal,2023-11-21T10:58:33
480240,478433,1700557130,Pasta retter,Normal,2023-11-21T10:58:50
480241,478433,1700557146,Sandwich,Normal,2023-11-21T10:59:06
480242,478433,1700557159,Nachos,Normal,2023-11-21T10:59:19
480243,478433,1700557176,Wrap,Normal,2023-11-21T10:59:36
480244,478433,1700557188,Fisk,Normal,2023-11-21T10:59:48
480245,478433,1700557218,B√∏rne Menu,Normal,2023-11-21T11:00:18
480246,478433,1700557234,Diverse,Normal,2023-11-21T11:00:34
480247,478433,1700557250,Dessert,Normal,2023-11-21T11:00:50
480248,478433,1700557278,Kolde drikke,Normal,2023-11-21T11:01:18
481300,481284,1700574994,Unspecified,Normal,2023-11-21T15:56:34
483266,483245,1700646753,Lemonader,Normal,2023-11-22T11:52:33
495136,478433,1700991702,Ekstra Tilbeh√∏r,Normal,2023-11-26T11:41:42
498646,498629,1701091777,Unspecified,Normal,2023-11-27T15:29:37
498767,478433,1701093365,Frokost Retter,Normal,2023-11-27T15:56:05
498768,478433,1701093389,Frokost Pizza,Normal,2023-11-27T15:56:29
498925,478851,1701096172,Frokost Tilbud,Normal,2023-11-27T16:42:52
500218,483245,1701148940,Vin og Champagne P√• Glas (12 cl),Normal,2023-11-28T07:22:20
500219,483245,1701148948,Hvidvin,Normal,2023-11-28T07:22:28
500220,483245,1701148960,R√∏dvin,Normal,2023-11-28T07:22:40
500221,483245,1701148973,Non-Alcoholic,Normal,2023-11-28T07:22:53
500222,483245,1701148982,Mad og Snacks,Normal,2023-11-28T07:23:02
500261,483245,1701150096,"Marc Hebrart, Mareuil-sur-A√ø",Normal,2023-11-28T07:41:36
500262,483245,1701150106,"Janisson Baradon, Epernay",Normal,2023-11-28T07:41:46
500263,483245,1701150118,"Robert Moncuit, Le Mesnil-sur-Oger",Normal,2023-11-28T07:41:58
500264,483245,1701150129,"Vilmart, Rilly-la-Montagne",Normal,2023-11-28T07:42:09
500265,483245,1701150148,"Eric Rodez, Ambonnay",Normal,2023-11-28T07:42:28
500266,483245,1701150159,Dom P√©rignon,Normal,2023-11-28T07:42:39
500267,483245,1701150169,Perrier-Jou√´t Belle Epoque,Normal,2023-11-28T07:42:49
500268,483245,1701150180,Philipponnat,Normal,2023-11-28T07:43:00
500269,483245,1701150191,Pol Roger,Normal,2023-11-28T07:43:11
500270,483245,1701150209,Louis Roederer Cristal,Normal,2023-11-28T07:43:29
500271,483245,1701150220,Veuve Cliquot,Normal,2023-11-28T07:43:40
500272,483245,1701150231,Piper-Heidsieck,Normal,2023-11-28T07:43:51
500273,483245,1701150242,Krug,Normal,2023-11-28T07:44:02
500274,483245,1701150255,Bollinger,Normal,2023-11-28T07:44:15
500275,483245,1701150266,Deutz,Normal,2023-11-28T07:44:26
500276,483245,1701150281,Taittinger Comtes de Champagne,Normal,2023-11-28T07:44:41
500277,483245,1701150292,Pierre Peters,Normal,2023-11-28T07:44:52
500278,483245,1701150307,Jacques Selosse,Normal,2023-11-28T07:45:07
500279,483245,1701150324,Jacquesson,Normal,2023-11-28T07:45:24
500280,483245,1701150335,Hvidvine,Normal,2023-11-28T07:45:35
500281,483245,1701150349,Chablis,Normal,2023-11-28T07:45:49
500282,483245,1701150369,St.-Aubin,Normal,2023-11-28T07:46:09
500283,483245,1701150402,Chassagne-Montrachet,Normal,2023-11-28T07:46:42
500284,483245,1701150415,Hvid Rh√¥ne,Normal,2023-11-28T07:46:55
500285,483245,1701150429,Loire,Normal,2023-11-28T07:47:09
500287,483245,1701150453,USA,Normal,2023-11-28T07:47:33
500288,483245,1701150479,R√∏dvine - Bourgogne,Normal,2023-11-28T07:47:59
500289,483245,1701150507,Gevrey-Chambertin,Normal,2023-11-28T07:48:27
500290,483245,1701150522,Mazy-Chambertin Grand Cru Armand Rousseau,Normal,2023-11-28T07:48:42
500291,483245,1701150535,Charmes-Chambertin Grand Cru Armand Rousseau,Normal,2023-11-28T07:48:55
500292,483245,1701150554,Ruchottes-Chambertin Grand Cru Armand Rousseau,Normal,2023-11-28T07:49:14
500293,483245,1701150566,Griotte-Chambertin Grand Cru,Normal,2023-11-28T07:49:26
500294,483245,1701150579,Chambertin Grand Cru,Normal,2023-11-28T07:49:39
500295,483245,1701150593,Chambertin-Clos-de B√®ze,Normal,2023-11-28T07:49:53
500296,483245,1701150607,Clos de la Roche Grand Cru,Normal,2023-11-28T07:50:07
500297,483245,1701150621,Clos de Vougeot Grand Cru,Normal,2023-11-28T07:50:21
500298,483245,1701150634,Bonnes-Mares Grand Cru,Normal,2023-11-28T07:50:34
500299,483245,1701150647,Vosne-Roman√©e,Normal,2023-11-28T07:50:47
500300,483245,1701150663,Volnay,Normal,2023-11-28T07:51:03
500301,483245,1701150680,Bordeaux Medoc,Normal,2023-11-28T07:51:20
500302,483245,1701150693,Medoc 2. Grand Cru Class√©,Normal,2023-11-28T07:51:33
500303,483245,1701150708,Medoc 5. Grand Cru Class√©,Normal,2023-11-28T07:51:48
500304,483245,1701150722,Pessac-L√©ognan,Normal,2023-11-28T07:52:02
500305,483245,1701150739,Saint-Emilion,Normal,2023-11-28T07:52:19
500306,483245,1701150752,Pomerol,Normal,2023-11-28T07:52:32
500307,483245,1701150767,Rh√¥ne - Cairanne,Normal,2023-11-28T07:52:47
500308,483245,1701150780,Ch√¢teauneuf-du-Pape,Normal,2023-11-28T07:53:00
500309,483245,1701150795,Hermitage,Normal,2023-11-28T07:53:15
500310,483245,1701150811,C√¥te-R√¥tie,Normal,2023-11-28T07:53:31
500311,483245,1701150826,Italien,Normal,2023-11-28T07:53:46
500312,483245,1701150843,Spanien,Normal,2023-11-28T07:54:03
500313,483245,1701150857,Californien,Normal,2023-11-28T07:54:17
500314,483245,1701150875,Dessertvine,Normal,2023-11-28T07:54:35
501858,478433,1701179748,Menu,Normal,2023-11-28T15:55:48
505342,478851,1701271623,Starters,Normal,2023-11-29T17:27:03
505424,478851,1701272455,Special Menuer,Normal,2023-11-29T17:40:55
505427,478851,1701272482,Sushi Menuer,Normal,2023-11-29T17:41:22
505530,478851,1701273153,Uramaki,Normal,2023-11-29T17:52:33
505577,478851,1701273649,Toppedemaki,Normal,2023-11-29T18:00:49
505640,478851,1701274073,Nigiri,Normal,2023-11-29T18:07:53
505641,478851,1701274089,Flamming Nigiri,Normal,2023-11-29T18:08:09
505643,478851,1701274106,Futomaki,Normal,2023-11-29T18:08:26
505644,478851,1701274120,Hosomaki,Normal,2023-11-29T18:08:40
505651,478851,1701274137,Rispapir,Normal,2023-11-29T18:08:57
505653,478851,1701274183,Extra Tilbeh√∏r,Normal,2023-11-29T18:09:43
505667,478851,1701274242,√òl,Normal,2023-11-29T18:10:42
505668,478851,1701274281,Sodavand/Vand,Normal,2023-11-29T18:11:21
505674,478851,1701274310,√òkologisk Te,Normal,2023-11-29T18:11:50
508562,471663,1701353217,Wok,Normal,2023-11-30T16:06:57
508566,471663,1701353235,Supper,Normal,2023-11-30T16:07:15
508570,471663,1701353259,B√∏rne Menuer,Normal,2023-11-30T16:07:39
508573,471663,1701353274,Salat,Normal,2023-11-30T16:07:54
508575,471663,1701353295,Karry Retter,Normal,2023-11-30T16:08:15
508576,471663,1701353309,Wok Retter,Normal,2023-11-30T16:08:29
508579,471663,1701353344,Stegte Nudler og Ris,Normal,2023-11-30T16:09:04
508584,471663,1701353404,Drikkevarer,Normal,2023-11-30T16:10:04
510249,478851,1701383558,Diverse,Normal,2023-12-01T00:32:38
511307,420825,1701427288,Forretter,Normal,2023-12-01T12:41:28
511308,420825,1701427299,Oksek√∏d,Normal,2023-12-01T12:41:39
511312,420825,1701427341,Svinek√∏d,Normal,2023-12-01T12:42:21
511313,420825,1701427352,Fjerkr√¶,Normal,2023-12-01T12:42:32
511316,420825,1701427361,Seafood retter,Normal,2023-12-01T12:42:41
511319,420825,1701427370,Diverse retter,Normal,2023-12-01T12:42:50
511321,420825,1701427383,Kinesiske retter - Diverse,Normal,2023-12-01T12:43:03
511322,420825,1701427404,Kinesiske Menuer,Normal,2023-12-01T12:43:24
511583,420825,1701429355,B√∏rne Menuer,Normal,2023-12-01T13:15:55
511604,420825,1701429533,Sushi Menu,Normal,2023-12-01T13:18:53
511605,420825,1701429544,Sushi starters,Normal,2023-12-01T13:19:04
511606,420825,1701429555,Sashimi,Normal,2023-12-01T13:19:15
511609,420825,1701429566,Nigiri,Normal,2023-12-01T13:19:26
511611,420825,1701429582,Hoso maki,Normal,2023-12-01T13:19:42
511618,420825,1701429605,Ura Maki,Normal,2023-12-01T13:20:05
511620,420825,1701429621,Futo Maki,Normal,2023-12-01T13:20:21
511623,420825,1701429633,Sticks,Normal,2023-12-01T13:20:33
511624,420825,1701429645,Sushi - tilbeh√∏r,Normal,2023-12-01T13:20:45
511629,420825,1701429669,Desserter,Normal,2023-12-01T13:21:09
511634,420825,1701429689,Drinks/Spiritus,Normal,2023-12-01T13:21:29
511635,420825,1701429702,Hvid/Ros√©vine,Normal,2023-12-01T13:21:42
511638,420825,1701429712,Ros√©vine,Normal,2023-12-01T13:21:52
511642,420825,1701429722,R√∏d/M√•nedensvin,Normal,2023-12-01T13:22:02
511646,420825,1701429737,M√•nedens Vin,Normal,2023-12-01T13:22:17
511652,420825,1701429751,Diverse vin,Normal,2023-12-01T13:22:31
511655,420825,1701429763,Risvin,Normal,2023-12-01T13:22:43
511656,420825,1701429775,Alkoholfri Vin,Normal,2023-12-01T13:22:55
511658,420825,1701429789,Sodavand og √òl,Normal,2023-12-01T13:23:09
511660,420825,1701429804,Spiritus & Diverse,Normal,2023-12-01T13:23:24
511683,420825,1701429955,Diner Transportable,Normal,2023-12-01T13:25:55
511993,511948,1701432980,Unspecified,Normal,2023-12-01T14:16:20
512922,512884,1701445420,DRIKKEVARER,Normal,2023-12-01T17:43:40
515095,471184,1701509750,Menu,Normal,2023-12-02T11:35:50
523566,523541,1701680545,EmballageüöÆ,Normal,2023-12-04T11:02:25
524711,471663,1701696727,Sammens√¶t Din Egen Ret,Normal,2023-12-04T15:32:07
524809,316229,1701697484,Unspecified,Normal,2023-12-04T15:44:44
524982,400381,1701699975,Irish Coffee,Normal,2023-12-04T16:26:15
530381,530346,1701860138,MENU,Normal,2023-12-06T12:55:38
530421,530392,1701860320,Menu kort Pastadiem,Normal,2023-12-06T12:58:40
530665,526611,1701862685,Drikkevarer,Normal,2023-12-06T13:38:05
530843,400381,1701864740,Shots tilbud,Normal,2023-12-06T14:12:20
530858,400381,1701864937,Drinks,Normal,2023-12-06T14:15:37
530904,400381,1701865357,Personale,Normal,2023-12-06T14:22:37
530918,400381,1701865503,Bossy,Normal,2023-12-06T14:25:03
533738,508797,1701939196,Kaffe / the / cacao,Normal,2023-12-07T10:53:16
533954,420825,1701942181,Gavekort,Normal,2023-12-07T11:43:01
552066,483245,1702285150,Kaffe,Normal,2023-12-11T10:59:10
552091,483245,1702286067,Unspecified,Normal,2023-12-11T11:14:27
555103,555096,1702370650,Unspecified,Normal,2023-12-12T10:44:10
558683,497891,1702418576,Espressobase,Normal,2023-12-13T00:02:56
558695,497891,1702418989,Bolle,Normal,2023-12-13T00:09:49
564665,564638,1702555426,Diverse,Normal,2023-12-14T14:03:46
568967,420825,1702631572,Takeaway tilbeh√∏r,Normal,2023-12-15T11:12:52
569431,420825,1702637464,Varme drikke,Normal,2023-12-15T12:51:04
569718,569707,1702639591,Unspecified,Normal,2023-12-15T13:26:31
570343,570302,1702646193,Forretter,Normal,2023-12-15T15:16:33
570471,570408,1702646940,Unspecified,Normal,2023-12-15T15:29:00
570948,570878,1702650535,Unspecified,Normal,2023-12-15T16:28:55
571285,571262,1702653832,Pose,Normal,2023-12-15T17:23:52
571327,571300,1702654148,POSE,Normal,2023-12-15T17:29:08
574990,483245,1702726793,√òl,Normal,2023-12-16T13:39:53
575487,497891,1702730764,Kaffeposer,Normal,2023-12-16T14:46:04
575651,497891,1702731803,Kage,Normal,2023-12-16T15:03:23
575686,497891,1702732033,Br√∏d,Normal,2023-12-16T15:07:13
576066,497891,1702735936,Brygudstyr,Normal,2023-12-16T16:12:16
582380,582373,1702893787,Menu,Normal,2023-12-18T12:03:07
582427,582411,1702894049,Menu,Normal,2023-12-18T12:07:29
583997,583953,1702909338,Unspecified,Normal,2023-12-18T16:22:18
586508,570302,1702975389,Drikkevarer,Normal,2023-12-19T10:43:09
586582,586569,1702977088,Unspecified,Normal,2023-12-19T11:11:28
587282,587257,1702987001,Unspecified,Normal,2023-12-19T13:56:41
587473,587442,1702988502,Kontanter,Normal,2023-12-19T14:21:42
592172,497891,1703083513,Te,Normal,2023-12-20T16:45:13
592218,497891,1703083757,Gavekort /Kursus / arrangementer,Normal,2023-12-20T16:49:17
599373,599346,1703244293,Comedy kort,Normal,2023-12-22T13:24:53
599732,599700,1703247809,Unspecified,Normal,2023-12-22T14:23:29
603705,583953,1703308581,Alm. Pizzaer,Normal,2023-12-23T07:16:21
603706,583953,1703308607,Il Gusto Giusto Raro,Normal,2023-12-23T07:16:47
603707,583953,1703308640,Il Gusto Giusto Special,Normal,2023-12-23T07:17:20
603708,583953,1703308649,Pasta Retter,Normal,2023-12-23T07:17:29
603709,583953,1703308658,Panini,Normal,2023-12-23T07:17:38
603710,583953,1703308670,Dessert,Normal,2023-12-23T07:17:50
603711,583953,1703308678,Drikkevare,Normal,2023-12-23T07:17:58
603764,569707,1703312411,P√∏lser,Normal,2023-12-23T08:20:11
604260,564638,1703327730,Div.,Normal,2023-12-23T12:35:30
604301,564638,1703328250,Diverse 2,Normal,2023-12-23T12:44:10
613458,570408,1703607576,Alm Pita,Normal,2023-12-26T18:19:36
613459,570408,1703607589,Box Kebab,Normal,2023-12-26T18:19:49
613460,570408,1703607603,Alm Durum,Normal,2023-12-26T18:20:03
613461,570408,1703607621,Hjemmelavet Pita,Normal,2023-12-26T18:20:21
613465,570408,1703607633,Ret,Normal,2023-12-26T18:20:33
613466,570408,1703607651,Pizza,Normal,2023-12-26T18:20:51
613471,570408,1703607685,Tyrkisk Pizza,Normal,2023-12-26T18:21:25
613472,570408,1703607699,Burger,Normal,2023-12-26T18:21:39
613473,570408,1703607713,Menuer,Normal,2023-12-26T18:21:53
613474,570408,1703607754,Drikkevare,Normal,2023-12-26T18:22:34
613475,570408,1703607766,Special,Normal,2023-12-26T18:22:46
615055,527401,1703651813,Forretter,Normal,2023-12-27T06:36:53
615056,527401,1703651813,B√∏rn,Normal,2023-12-27T06:36:53
615057,527401,1703651813,Menu,Normal,2023-12-27T06:36:53
615058,527401,1703651813,Desserter,Normal,2023-12-27T06:36:53
615059,527401,1703651813,Kaffe,Normal,2023-12-27T06:36:53
615061,527401,1703651813,Hvidvin,Normal,2023-12-27T06:36:53
615062,527401,1703651813,Vin,Normal,2023-12-27T06:36:53
615063,527401,1703651813,Ros√© Vin,Normal,2023-12-27T06:36:53
615064,527401,1703651813,√òl,Normal,2023-12-27T06:36:53
615069,527401,1703651813,Drikkevarer,Normal,2023-12-27T06:36:53
615071,527401,1703651813,Aperitif,Normal,2023-12-27T06:36:53
615072,527401,1703651813,Alkohol og Spiritus,Normal,2023-12-27T06:36:53
615208,570408,1703653948,Extras,Normal,2023-12-27T07:12:28
615210,570408,1703654248,Hjemmelavet Durum,Normal,2023-12-27T07:17:28
615412,587509,1703659061,Spiritus M√•leB√¶ger,Normal,2023-12-27T08:37:41
615413,587509,1703659061,Rom - Whisky  M√•leB√¶ger,Normal,2023-12-27T08:37:41
615547,587257,1703661085,Menu,Normal,2023-12-27T09:11:25
616467,586569,1703672459,Coffee,Normal,2023-12-27T12:20:59
616468,586569,1703672459,Viennoiseries,Normal,2023-12-27T12:20:59
616469,586569,1703672459,Bagels,Normal,2023-12-27T12:20:59
616470,586569,1703672459,Sandwiches,Normal,2023-12-27T12:20:59
616471,586569,1703672459,Salades,Normal,2023-12-27T12:20:59
616472,586569,1703672459,Juice /Milkshake,Normal,2023-12-27T12:20:59
616473,586569,1703672459,Drinks,Normal,2023-12-27T12:20:59
616474,586569,1703672459,Cakes,Normal,2023-12-27T12:20:59
617571,617549,1703680514,Unspecified,Normal,2023-12-27T14:35:14
619208,600381,1703691258,Sandwiches/√∏kologiskfuldkorndbr√∏d,Normal,2023-12-27T17:34:18
619214,600381,1703691258,√òL,Normal,2023-12-27T17:34:18
622250,570302,1703742897,Buffet,Normal,2023-12-28T07:54:57
622257,570302,1703743747,Kolde k√∏kken,Normal,2023-12-28T08:09:07
622264,570302,1703744114,Ekstra,Normal,2023-12-28T08:15:14
622792,598930,1703756775,Sandwich,Normal,2023-12-28T11:46:15
622971,465434,1703758935,Kander/drinks,Normal,2023-12-28T12:22:15
623449,617549,1703761954,Pizza,Normal,2023-12-28T13:12:34
623450,617549,1703761954,B√∏rne Pizza,Normal,2023-12-28T13:12:34
623451,617549,1703761954,Salat Pizza,Normal,2023-12-28T13:12:34
623452,617549,1703761954,Indbagt Pizza,Normal,2023-12-28T13:12:34
623453,617549,1703761954,Special Pizza,Normal,2023-12-28T13:12:34
623454,617549,1703761954,Pasta,Normal,2023-12-28T13:12:34
623455,617549,1703761954,Specalteter,Normal,2023-12-28T13:12:34
623456,617549,1703761954,Durum,Normal,2023-12-28T13:12:34
623457,617549,1703761954,Pizza Sandwich,Normal,2023-12-28T13:12:34
623458,617549,1703761954,Pits Br√∏d,Normal,2023-12-28T13:12:34
623460,617549,1703761954,Salat,Normal,2023-12-28T13:12:34
623461,617549,1703761954,Burger,Normal,2023-12-28T13:12:34
624285,588226,1703769244,Snack,Normal,2023-12-28T15:14:04
626547,617549,1703781954,Ekstra Tilbeh√∏r,Normal,2023-12-28T18:45:54
630116,599346,1703848243,TWO FOR ONE DEAL,Normal,2023-12-29T13:10:43
638752,535138,1703927470,Ekstra Tilbeh√∏r,Normal,2023-12-30T11:11:10
642403,527401,1703954802,Ekstra,Normal,2023-12-30T18:46:42
643574,527401,1703961463,M√•nedensmenu,Normal,2023-12-30T20:37:43
644967,316229,1704005109,Nyt√•rsmenu,Normal,2023-12-31T08:45:09
645178,570302,1704017258,Hovedretter,Normal,2023-12-31T12:07:38
648899,591944,1704081609,Grillretter,Normal,2024-01-01T06:00:09
656681,498629,1704185733,Morgen,Normal,2024-01-02T10:55:33
656682,498629,1704185733,√òl,Normal,2024-01-02T10:55:33
656683,498629,1704185733,Vin - Frankrig,Normal,2024-01-02T10:55:33
656684,498629,1704185733,Juice & Frugt Shots,Normal,2024-01-02T10:55:33
656685,498629,1704185733,Kolde drikke,Normal,2024-01-02T10:55:33
656686,498629,1704185733,Kaffe & Meget Andet,Normal,2024-01-02T10:55:33
656687,498629,1704185733,Frokost,Normal,2024-01-02T10:55:33
656948,656926,1704188039,Unspecified,Normal,2024-01-02T11:33:59
657284,438114,1704190331,Sandwich,Normal,2024-01-02T12:12:11
657528,438114,1704191649,Salat,Normal,2024-01-02T12:34:09
660317,535138,1704201790,Diverse,Normal,2024-01-02T15:23:10
662063,555096,1704207737,Forretter,Normal,2024-01-02T17:02:17
662064,555096,1704207737,Frokost Tilbud,Normal,2024-01-02T17:02:17
662065,555096,1704207737,Sashimi,Normal,2024-01-02T17:02:17
662066,555096,1704207737,Sticks,Normal,2024-01-02T17:02:17
662067,555096,1704207737,Uramaki,Normal,2024-01-02T17:02:17
662068,555096,1704207737,Gourmet Maki,Normal,2024-01-02T17:02:17
662069,555096,1704207737,Futomaki,Normal,2024-01-02T17:02:17
662070,555096,1704207737,Hosomaki,Normal,2024-01-02T17:02:17
662071,555096,1704207737,Rispapir Ruller,Normal,2024-01-02T17:02:17
662072,555096,1704207737,Dim Sum,Normal,2024-01-02T17:02:17
662073,555096,1704207737,Nigiri,Normal,2024-01-02T17:02:17
662074,555096,1704207737,B√∏rne Menu,Normal,2024-01-02T17:02:17
662075,555096,1704207737,Sushi Menu,Normal,2024-01-02T17:02:17
662076,555096,1704207737,Varmeretter,Normal,2024-01-02T17:02:17
662080,555096,1704207737,Varmeretter (Nudler og Ris),Normal,2024-01-02T17:02:17
662081,555096,1704207737,Sodavand,Normal,2024-01-02T17:02:17
662082,555096,1704207737,√òl,Normal,2024-01-02T17:02:17
662083,555096,1704207737,CaÔ¨Äe &Te,Normal,2024-01-02T17:02:17
662084,555096,1704207737,Hvidvine,Normal,2024-01-02T17:02:17
662085,555096,1704207737,R√∏dvine,Normal,2024-01-02T17:02:17
662086,555096,1704207737,Rosevin,Normal,2024-01-02T17:02:17
662087,555096,1704207737,Sake,Normal,2024-01-02T17:02:17
662088,555096,1704207737,Tilbeh√∏r,Normal,2024-01-02T17:02:17
665716,583953,1704220704,Slice,Normal,2024-01-02T20:38:24
665783,583953,1704221297,Ekstra,Normal,2024-01-02T20:48:17
666357,471431,1704226858,Fork√¶l dig selv med lidt ekstra,Normal,2024-01-02T22:20:58
667476,667471,1704268450,Nyt vinyl,Normal,2024-01-03T09:54:10
668102,668071,1704276958,Unspecified,Normal,2024-01-03T12:15:58
668703,668642,1704278453,Varekatalog,Normal,2024-01-03T12:40:53
678611,571262,1704352274,JUICE / MILKSHAKE,Normal,2024-01-04T09:11:14
680001,431733,1704363723,Mest brugte,Normal,2024-01-04T12:22:03
683414,555096,1704373773,Libitum,Normal,2024-01-04T15:09:33
686258,686203,1704381556,Sodavand\kildevand\slush ice,Normal,2024-01-04T17:19:16
687033,555096,1704383464,Bord nummer,Normal,2024-01-04T17:51:04
687312,687188,1704384389,Diverse,Normal,2024-01-04T18:06:29
692647,555096,1704407126,Tilbud menu,Normal,2024-01-05T00:25:26
693210,462595,1704435710,Tilbud,Normal,2024-01-05T08:21:50
694971,656926,1704448835,Pizza,Normal,2024-01-05T12:00:35
694972,656926,1704448835,B√∏rnepizza,Normal,2024-01-05T12:00:35
694974,656926,1704448835,Indbagt Pizza,Normal,2024-01-05T12:00:35
694976,656926,1704448835,Ekstra Tilbeh√∏r,Normal,2024-01-05T12:00:35
694977,656926,1704448835,Kebab,Normal,2024-01-05T12:00:35
694978,656926,1704448835,Spaghettiret,Normal,2024-01-05T12:00:35
694979,656926,1704448835,Pommes Frites,Normal,2024-01-05T12:00:35
694980,656926,1704448835,Grillretter,Normal,2024-01-05T12:00:35
694981,656926,1704448835,Burger,Normal,2024-01-05T12:00:35
694982,656926,1704448835,Drikkevarer,Normal,2024-01-05T12:00:35
698134,570408,1704454667,Tyrkisk br√∏d,Normal,2024-01-05T13:37:47
699511,570408,1704458334,Frokost tilbud,Normal,2024-01-05T14:38:54
701193,431733,1704462903,Flasker,Normal,2024-01-05T15:55:03
701221,431733,1704462976,Drinks,Normal,2024-01-05T15:56:16
701320,431733,1704463195,Tilbud,Normal,2024-01-05T15:59:55
702528,702457,1704466991,V√¶lg selv H√•ndmad,Normal,2024-01-05T17:03:11
716733,668071,1704518301,Pizza,Normal,2024-01-06T07:18:21
716734,668071,1704518301,B√∏rne Pizza,Normal,2024-01-06T07:18:21
716735,668071,1704518301,Ekstra Tilbeh√∏r,Normal,2024-01-06T07:18:21
716736,668071,1704518301,Kebab,Normal,2024-01-06T07:18:21
716737,668071,1704518301,Pastaretter,Normal,2024-01-06T07:18:21
716738,668071,1704518301,Salater,Normal,2024-01-06T07:18:21
716739,668071,1704518301,√Ö La Carte,Normal,2024-01-06T07:18:21
716740,668071,1704518301,Burgere,Normal,2024-01-06T07:18:21
716741,668071,1704518301,Pommes Frites,Normal,2024-01-06T07:18:21
716742,668071,1704518301,Hotdogs,Normal,2024-01-06T07:18:21
716743,668071,1704518301,Drikkevarer,Normal,2024-01-06T07:18:21
716865,686203,1704520059,Menu,Normal,2024-01-06T07:47:39
716903,451624,1704521401,Menu,Normal,2024-01-06T08:10:01
717364,523541,1704531140,P√∏lserüå≠,Normal,2024-01-06T10:52:20
717365,523541,1704531140,Hjemmelavet Burgerüçî,Normal,2024-01-06T10:52:20
717366,523541,1704531140,Sandwichüê∑,Normal,2024-01-06T10:52:20
717367,523541,1704531140,Pommes Fritesüçü,Normal,2024-01-06T10:52:20
717368,523541,1704531140,Diverse,Normal,2024-01-06T10:52:20
717369,523541,1704531140,Tilbud ‚ûó,Normal,2024-01-06T10:52:20
717370,523541,1704531140,Friskemurte SandwichüåÆ,Normal,2024-01-06T10:52:20
717371,523541,1704531140,Drikkevarer‚òïüç∫,Normal,2024-01-06T10:52:20
739331,570878,1704621239,Pita,Normal,2024-01-07T11:53:59
739333,570878,1704621239,Tyrkiskbr√∏d,Normal,2024-01-07T11:53:59
739336,570878,1704621239,Retter,Normal,2024-01-07T11:53:59
739339,570878,1704621239,Vand,Normal,2024-01-07T11:53:59
739340,570878,1704621239,Drikkelse,Normal,2024-01-07T11:53:59
739341,570878,1704621239,Energidrik,Normal,2024-01-07T11:53:59
739547,599700,1704622583,Tildbud Oct-Nov-Dec-Jan,Normal,2024-01-07T12:16:23
739548,599700,1704622583,Konfirmationsbuffet (2023),Normal,2024-01-07T12:16:23
739549,599700,1704622583,Natmad,Normal,2024-01-07T12:16:23
739550,599700,1704622583,Extra Tilbud,Normal,2024-01-07T12:16:23
739551,599700,1704622583,Festbuffet,Normal,2024-01-07T12:16:23
739552,599700,1704622583,Anretninger,Normal,2024-01-07T12:16:23
739553,599700,1704622583,Stegebuffet,Normal,2024-01-07T12:16:23
739554,599700,1704622583,Ekstra,Normal,2024-01-07T12:16:23
739555,599700,1704622583,Levering,Normal,2024-01-07T12:16:23
747765,478851,1704648875,Poke Bowl,Normal,2024-01-07T19:34:35
751832,570302,1704709439,Jagt menu,Normal,2024-01-08T12:23:59
754936,754821,1704716647,Varer,Normal,2024-01-08T14:24:07
757611,757577,1704726452,Unspecified,Normal,2024-01-08T17:07:32
758009,465308,1704727653,Pizza,Normal,2024-01-08T17:27:33
767770,767680,1704799514,Unspecified,Normal,2024-01-09T13:25:14
771232,587442,1704809557,0 salg,Normal,2024-01-09T16:12:37
780927,582411,1704870085,Byg Selv Bagel,Normal,2024-01-10T09:01:25
780928,582411,1704870085,Byg Selv Sandwich,Normal,2024-01-10T09:01:25
780929,582411,1704870085,Byg Selv Salat,Normal,2024-01-10T09:01:25
780930,582411,1704870085,Drikkevarer,Normal,2024-01-10T09:01:25
781076,698581,1704872071,Kaffe,Normal,2024-01-10T09:34:31
781077,698581,1704872071,Drikke,Normal,2024-01-10T09:34:31
781078,698581,1704872071,Menu,Normal,2024-01-10T09:34:31
781353,669305,1704874871,Ekstra tilbeh√∏r,Normal,2024-01-10T10:21:11
781545,669305,1704876532,Gavekort,Normal,2024-01-10T10:48:52
781685,764780,1704877501,System,System,2024-01-10T11:05:01
781687,764780,1704877501,Unspecified,Normal,2024-01-10T11:05:01
786243,570408,1704889848,Hjemmelavet menuer,Normal,2024-01-10T14:30:48
786704,478861,1704890955,Arrangementer,Normal,2024-01-10T14:49:15
787354,462595,1704892774,Unspecified,Normal,2024-01-10T15:19:34
787444,570408,1704893030,Pommes friter,Normal,2024-01-10T15:23:50
788039,770164,1704894426,Menu,Normal,2024-01-10T15:47:06
788047,770164,1704894434,Take Away,Normal,2024-01-10T15:47:14
788729,595624,1704896160,Pizza,Normal,2024-01-10T16:16:00
788730,595624,1704896160,Mexicansk Pizza,Normal,2024-01-10T16:16:00
788731,595624,1704896160,Gourmet Pizza,Normal,2024-01-10T16:16:00
788732,595624,1704896160,Salat Pizza,Normal,2024-01-10T16:16:00
788733,595624,1704896160,Lukket Pizza,Normal,2024-01-10T16:16:00
788734,595624,1704896160,Hvidl√∏gsbr√∏d,Normal,2024-01-10T16:16:00
788735,595624,1704896160,Halv √Öben Pizza,Normal,2024-01-10T16:16:00
788736,595624,1704896160,Durum Rulle,Normal,2024-01-10T16:16:00
788737,595624,1704896160,Pitabr√∏d,Normal,2024-01-10T16:16:00
788738,595624,1704896160,Sandwich Lux,Normal,2024-01-10T16:16:00
788739,595624,1704896160,Burger,Normal,2024-01-10T16:16:00
788740,595624,1704896160,Pastaretter,Normal,2024-01-10T16:16:00
788741,595624,1704896160,Salater,Normal,2024-01-10T16:16:00
788742,595624,1704896160,Grillretter,Normal,2024-01-10T16:16:00
788743,595624,1704896160,Nachos & Burritos,Normal,2024-01-10T16:16:00
788744,595624,1704896160,Snacks,Normal,2024-01-10T16:16:00
788745,595624,1704896160,B√∏rneretter,Normal,2024-01-10T16:16:00
788746,595624,1704896160,Drikkevarer,Normal,2024-01-10T16:16:00
788747,595624,1704896160,Ekstra,Normal,2024-01-10T16:16:00
789108,595624,1704897044,Eksra Toppings,Normal,2024-01-10T16:30:44
789217,789186,1704897433,System,System,2024-01-10T16:37:13
789219,789186,1704897433,Unspecified,Normal,2024-01-10T16:37:13
790320,790220,1704900455,System,System,2024-01-10T17:27:35
790322,790220,1704900455,Unspecified,Normal,2024-01-10T17:27:35
790766,790602,1704901419,System,System,2024-01-10T17:43:39
790768,790602,1704901419,Unspecified,Normal,2024-01-10T17:43:39
790780,465308,1704901447,Burger,Normal,2024-01-10T17:44:07
791307,555096,1704902599,Ekstra,Normal,2024-01-10T18:03:19
791687,465308,1704903196,B√∏rn,Normal,2024-01-10T18:13:16
791926,552140,1704903639,Slices,Normal,2024-01-10T18:20:39
792065,552140,1704903911,Frokost Tilbud,Normal,2024-01-10T18:25:11
793614,465308,1704906389,Sandwich,Normal,2024-01-10T19:06:29
793635,465308,1704906403,Durum rulle,Normal,2024-01-10T19:06:43
793642,465308,1704906410,Pita,Normal,2024-01-10T19:06:50
793648,465308,1704906419,Grill Retter,Normal,2024-01-10T19:06:59
793687,465308,1704906492,Pizza Large,Normal,2024-01-10T19:08:12
793819,555096,1704906724,Udbringning,Normal,2024-01-10T19:12:04
794976,570302,1704908615,Dessert,Normal,2024-01-10T19:43:35
798358,462742,1704919296,Hele kasser √∏l,Normal,2024-01-10T22:41:36
798436,462742,1704919616,Hele flasker,Normal,2024-01-10T22:46:56
799153,497597,1704929049,Cigaretter,Normal,2024-01-11T01:24:09
799830,766639,1704948466,Pizza,Normal,2024-01-11T06:47:46
799831,766639,1704948466,Salat Pizza,Normal,2024-01-11T06:47:46
799832,766639,1704948466,Santa Fe Special,Normal,2024-01-11T06:47:46
799833,766639,1704948466,Mexicansk Pizza,Normal,2024-01-11T06:47:46
799834,766639,1704948466,Bearnaise Pizza,Normal,2024-01-11T06:47:46
799835,766639,1704948466,Pizza Gorgonzola,Normal,2024-01-11T06:47:46
799836,766639,1704948466,Deep Pan,Normal,2024-01-11T06:47:46
799837,766639,1704948466,Indbagt Pizza,Normal,2024-01-11T06:47:46
799838,766639,1704948466,B√∏rnemenu,Normal,2024-01-11T06:47:46
799839,766639,1704948466,Grill,Normal,2024-01-11T06:47:46
799840,766639,1704948466,Gr√∏n Salat,Normal,2024-01-11T06:47:46
799841,766639,1704948466,Varmt Pasta,Normal,2024-01-11T06:47:46
799842,766639,1704948466,Hjemmelavet Durum,Normal,2024-01-11T06:47:46
799843,766639,1704948466,Hjemmelavet Pita,Normal,2024-01-11T06:47:46
799844,766639,1704948466,Pizza Sandwich,Normal,2024-01-11T06:47:46
799845,766639,1704948466,K√¶mpe Buggi Burger,Normal,2024-01-11T06:47:46
799846,766639,1704948466,Drikkevarer,Normal,2024-01-11T06:47:46
799984,766639,1704948577,Ekstra Tilbeh√∏r,Normal,2024-01-11T06:49:37
803570,803489,1704970903,System,System,2024-01-11T13:01:43
803572,803489,1704970903,Unspecified,Normal,2024-01-11T13:01:43
804727,804673,1704972917,System,System,2024-01-11T13:35:17
804729,804673,1704972917,Unspecified,Normal,2024-01-11T13:35:17
805505,471058,1704974786,Unspecified,Normal,2024-01-11T14:06:26
805807,801868,1704975533,System,System,2024-01-11T14:18:53
805809,801868,1704975533,Unspecified,Normal,2024-01-11T14:18:53
805921,805839,1704975719,System,System,2024-01-11T14:21:59
805923,805839,1704975719,Unspecified,Normal,2024-01-11T14:21:59
806666,433856,1704977471,Unspecified,Normal,2024-01-11T14:51:11
807093,806964,1704978713,System,System,2024-01-11T15:11:53
807095,806964,1704978713,Unspecified,Normal,2024-01-11T15:11:53
807362,465308,1704979424,Drikkevarer,Normal,2024-01-11T15:23:44
808163,465308,1704981223,Deep Pan,Normal,2024-01-11T15:53:43
808395,465308,1704981908,Indbagt,Normal,2024-01-11T16:05:08
808458,465308,1704982081,Ufo,Normal,2024-01-11T16:08:01
808656,757577,1704982776,Pizze Rosse,Normal,2024-01-11T16:19:36
808657,757577,1704982776,Pizze Bianche,Normal,2024-01-11T16:19:36
808658,757577,1704982776,Piizze Vegetariane,Normal,2024-01-11T16:19:36
808659,757577,1704982776,Varme Panin Sandwich,Normal,2024-01-11T16:19:36
808660,757577,1704982776,Varme Pasta Retter,Normal,2024-01-11T16:19:36
808661,757577,1704982776,Salater,Normal,2024-01-11T16:19:36
808662,757577,1704982776,Frisk Bagt Durum Rulle,Normal,2024-01-11T16:19:36
808663,757577,1704982776,Drikkevarer,Normal,2024-01-11T16:19:36
808664,757577,1704982776,Dyppelse I B√¶ger,Normal,2024-01-11T16:19:36
808944,757577,1704983308,Pizze Rosse,Normal,2024-01-11T16:28:28
808945,757577,1704983308,Pizze Bianche,Normal,2024-01-11T16:28:28
808946,757577,1704983308,Pizze Vegetariane,Normal,2024-01-11T16:28:28
808947,757577,1704983308,Ekstra Tilbhe√∏r,Normal,2024-01-11T16:28:28
808948,757577,1704983308,Varme Panin Sandwich,Normal,2024-01-11T16:28:28
808949,757577,1704983308,Varme Pasta Retter,Normal,2024-01-11T16:28:28
808950,757577,1704983308,Salater,Normal,2024-01-11T16:28:28
808951,757577,1704983308,Frisk Bagt Durum Rulle,Normal,2024-01-11T16:28:28
808952,757577,1704983308,Drikkevarer,Normal,2024-01-11T16:28:28
808953,757577,1704983308,Dyppelse I B√¶ger,Normal,2024-01-11T16:28:28
809025,465308,1704983330,Salater,Normal,2024-01-11T16:28:50
809542,582373,1704984636,Byg Selv Bagel,Normal,2024-01-11T16:50:36
809543,582373,1704984636,Byg Selv Sandwich,Normal,2024-01-11T16:50:36
809544,582373,1704984636,Byg Selv Salat,Normal,2024-01-11T16:50:36
809545,582373,1704984636,Drikkevarer,Normal,2024-01-11T16:50:36
809620,667471,1704984801,Menu,Normal,2024-01-11T16:53:21
809976,523541,1704985819,Unspecified,Normal,2024-01-11T17:10:19
810056,809984,1704986062,System,System,2024-01-11T17:14:22
810058,809984,1704986062,Hovedmenu,Normal,2024-01-11T17:14:22
810843,659083,1704987860,Brunch,Normal,2024-01-11T17:44:20
810844,659083,1704987860,Sommerb√¶r,Normal,2024-01-11T17:44:20
810845,659083,1704987860,Fridas √∏llegr√∏d,Normal,2024-01-11T17:44:20
810846,659083,1704987860,Hyggedip,Normal,2024-01-11T17:44:20
810847,659083,1704987860,Surdejsbolle,Normal,2024-01-11T17:44:20
810848,659083,1704987860,Frida Burger,Normal,2024-01-11T17:44:20
810849,659083,1704987860,Frida Salat,Normal,2024-01-11T17:44:20
810850,659083,1704987860,Frida‚Äôs Sandwich,Normal,2024-01-11T17:44:20
810851,659083,1704987860,Chilies med Br√∏d,Normal,2024-01-11T17:44:20
810852,659083,1704987860,Kage,Normal,2024-01-11T17:44:20
810853,659083,1704987860,Varme Drikke,Normal,2024-01-11T17:44:20
810854,659083,1704987860,Juice,Normal,2024-01-11T17:44:20
810855,659083,1704987860,Saft P√• Flaske,Normal,2024-01-11T17:44:20
810858,659083,1704987860,Sodavand,Normal,2024-01-11T17:44:20
810860,659083,1704987860,M√¶lk,Normal,2024-01-11T17:44:20
810861,659083,1704987860,Vand,Normal,2024-01-11T17:44:20
810862,659083,1704987860,√òl,Normal,2024-01-11T17:44:20
810863,659083,1704987860,Vin,Normal,2024-01-11T17:44:20
810864,659083,1704987860,Spiritus,Normal,2024-01-11T17:44:20
811075,659083,1704988097,Sm√∏rrebr√∏d,Normal,2024-01-11T17:48:17
813525,498079,1704991903,Is,Normal,2024-01-11T18:51:43
819296,445026,1705004841,Unspecified,Normal,2024-01-11T22:27:21
821789,821767,1705046869,System,System,2024-01-12T10:07:49
821791,821767,1705046869,Unspecified,Normal,2024-01-12T10:07:49
821856,498629,1705047446,Kage,Normal,2024-01-12T10:17:26
822379,754211,1705051394,R√∏dvin,Normal,2024-01-12T11:23:14
822384,754211,1705051405,Hvidvin,Normal,2024-01-12T11:23:25
822389,754211,1705051416,Mousserende,Normal,2024-01-12T11:23:36
822390,754211,1705051424,Champagne,Normal,2024-01-12T11:23:44
822392,754211,1705051437,Rosevin,Normal,2024-01-12T11:23:57
822634,433471,1705052792,Aftenhygge,Normal,2024-01-12T11:46:32
822760,757577,1705053466,B√¶repose,Normal,2024-01-12T11:57:46
822766,667545,1705053494,Menu,Normal,2024-01-12T11:58:14
822969,523541,1705054240,Menuerüçîüçü,Normal,2024-01-12T12:10:40
823073,433471,1705054650,Events,Normal,2024-01-12T12:17:30
823079,523541,1705054683,Ekstra‚ûï,Normal,2024-01-12T12:18:03
823776,497891,1705055851,Saft/sodavand,Normal,2024-01-12T12:37:31
823856,586569,1705055988,"Selskaber , party , reception",Normal,2024-01-12T12:39:48
824276,586569,1705056624,Vin,Normal,2024-01-12T12:50:24
824362,586569,1705056719,Slik,Normal,2024-01-12T12:51:59
824427,586569,1705056836,Dagensret,Normal,2024-01-12T12:53:56
824563,586569,1705057041,Pose ( bags ),Normal,2024-01-12T12:57:21
824646,586569,1705057157,Delikatesser,Normal,2024-01-12T12:59:17
824924,552846,1705057478,Pizza,Normal,2024-01-12T13:04:38
824925,552846,1705057478,Indbagt Pizza,Normal,2024-01-12T13:04:38
824926,552846,1705057478,B√∏rne Pizza,Normal,2024-01-12T13:04:38
824930,552846,1705057478,Ekstra Toppings,Normal,2024-01-12T13:04:38
824931,552846,1705057478,Hjemmelavet Rulle,Normal,2024-01-12T13:04:38
824932,552846,1705057478,Hjemmelavet Pitabr√∏d,Normal,2024-01-12T13:04:38
824933,552846,1705057478,Burger,Normal,2024-01-12T13:04:38
824934,552846,1705057478,Grillretter,Normal,2024-01-12T13:04:38
824935,552846,1705057478,Pasteretter,Normal,2024-01-12T13:04:38
824936,552846,1705057478,Salat,Normal,2024-01-12T13:04:38
824937,552846,1705057478,Drikkevarer,Normal,2024-01-12T13:04:38
825858,532010,1705058857,Drikkevarer,Normal,2024-01-12T13:27:37
825945,532010,1705059030,Slik,Normal,2024-01-12T13:30:30
826403,497891,1705059888,Iskaffe,Normal,2024-01-12T13:44:48
826455,757577,1705059948,Frokost,Normal,2024-01-12T13:45:48
827860,591012,1705062983,V√¶relserne,Normal,2024-01-12T14:36:23
828068,498629,1705063394,To-go,Normal,2024-01-12T14:43:14
828170,498629,1705063576,Ekstra tilbeh√∏r,Normal,2024-01-12T14:46:16
830677,830445,1705069404,System,System,2024-01-12T16:23:24
830679,830445,1705069404,Varegrupper,Normal,2024-01-12T16:23:24
830953,830865,1705070137,System,System,2024-01-12T16:35:37
830955,830865,1705070137,Unspecified,Normal,2024-01-12T16:35:37
832742,832235,1705073957,System,System,2024-01-12T17:39:17
832744,832235,1705073957,Unspecified,Normal,2024-01-12T17:39:17
833787,523541,1705075510,Fransk hotdogüå≠,Normal,2024-01-12T18:05:10
833818,465308,1705075536,Pizza,Normal,2024-01-12T18:05:36
834139,465308,1705075918,Ekstra fyld,Normal,2024-01-12T18:11:58
834262,465308,1705076080,Grill,Normal,2024-01-12T18:14:40
834802,465308,1705076629,Indbagt/ufo,Normal,2024-01-12T18:23:49
835073,523541,1705076921,Ristet hotdogüå≠,Normal,2024-01-12T18:28:41
838037,486554,1705079670,Mexicanske,Normal,2024-01-12T19:14:30
842582,555096,1705084565,Menu,Normal,2024-01-12T20:36:05
843757,465308,1705086429,Prove,Normal,2024-01-12T21:07:09
843775,465308,1705086454,Prove,Normal,2024-01-12T21:07:34
851890,702457,1705118253,Drinks,Normal,2024-01-13T05:57:33
851891,702457,1705118253,Fiskefilet,Normal,2024-01-13T05:57:33
851892,702457,1705118253,√Üg,Normal,2024-01-13T05:57:33
851893,702457,1705118253,Ost,Normal,2024-01-13T05:57:33
851894,702457,1705118253,K√∏d ag Fjerkr√¶,Normal,2024-01-13T05:57:33
851895,702457,1705118253,Menu,Normal,2024-01-13T05:57:33
852474,822160,1705136701,System,System,2024-01-13T11:05:01
852476,822160,1705136701,Unspecified,Normal,2024-01-13T11:05:01
853152,789186,1705140136,Drikkevarer,Normal,2024-01-13T12:02:16
853153,789186,1705140136,Pizzaer,Normal,2024-01-13T12:02:16
853154,789186,1705140136,Pizzaer Med Ostekant,Normal,2024-01-13T12:02:16
853155,789186,1705140136,Mexicanske Pizzaer,Normal,2024-01-13T12:02:16
853156,789186,1705140136,Deep Pan Pizza,Normal,2024-01-13T12:02:16
853157,789186,1705140136,Familiepizza,Normal,2024-01-13T12:02:16
853158,789186,1705140136,Indbagt Pizza,Normal,2024-01-13T12:02:16
853159,789186,1705140136,Halvt Indbagt Pizza,Normal,2024-01-13T12:02:16
853160,789186,1705140136,B√∏rne Pizza,Normal,2024-01-13T12:02:16
853161,789186,1705140136,Ekstra Tilbeh√∏r,Normal,2024-01-13T12:02:16
853162,789186,1705140136,Hjemmelavet Burger,Normal,2024-01-13T12:02:16
853163,789186,1705140136,Hjemmelavet Pitabr√∏d,Normal,2024-01-13T12:02:16
853164,789186,1705140136,Hjemmelavet Durum,Normal,2024-01-13T12:02:16
853165,789186,1705140136,Hjemmelavet Sandwich,Normal,2024-01-13T12:02:16
853166,789186,1705140136,Grillretter,Normal,2024-01-13T12:02:16
853167,789186,1705140136,Pastaretter,Normal,2024-01-13T12:02:16
853168,789186,1705140136,Nachos,Normal,2024-01-13T12:02:16
853169,789186,1705140136,Salater,Normal,2024-01-13T12:02:16
853170,789186,1705140136,Hvidl√∏gsbr√∏d,Normal,2024-01-13T12:02:16
853581,789186,1705141011,Drikkevarer,Normal,2024-01-13T12:16:51
853582,789186,1705141011,Pizzaer,Normal,2024-01-13T12:16:51
853583,789186,1705141011,Pizzaer Med Ostekant,Normal,2024-01-13T12:16:51
853584,789186,1705141011,Mexicanske Pizzaer,Normal,2024-01-13T12:16:51
853585,789186,1705141011,Deep Pan Pizza,Normal,2024-01-13T12:16:51
853586,789186,1705141011,Familiepizza,Normal,2024-01-13T12:16:51
853587,789186,1705141011,Indbagt Pizza,Normal,2024-01-13T12:16:51
853588,789186,1705141011,Halvt Indbagt Pizza,Normal,2024-01-13T12:16:51
853589,789186,1705141011,B√∏rne Pizza,Normal,2024-01-13T12:16:51
853590,789186,1705141011,Ekstra Tilbeh√∏r,Normal,2024-01-13T12:16:51
853591,789186,1705141011,Hjemmelavet Burger,Normal,2024-01-13T12:16:51
853592,789186,1705141011,Hjemmelavet Pitabr√∏d,Normal,2024-01-13T12:16:51
853593,789186,1705141011,Hjemmelavet Durum,Normal,2024-01-13T12:16:51
853594,789186,1705141011,Hjemmelavet Sandwich,Normal,2024-01-13T12:16:51
853595,789186,1705141011,Grillretter,Normal,2024-01-13T12:16:51
853596,789186,1705141011,Pastaretter,Normal,2024-01-13T12:16:51
853597,789186,1705141011,Nachos,Normal,2024-01-13T12:16:51
853598,789186,1705141011,Salater,Normal,2024-01-13T12:16:51
853599,789186,1705141011,Hvidl√∏gsbr√∏d,Normal,2024-01-13T12:16:51
861309,830846,1705156501,System,System,2024-01-13T16:35:01
861311,830846,1705156501,Unspecified,Normal,2024-01-13T16:35:01
861541,830865,1705157001,√òL,Normal,2024-01-13T16:43:21
861868,830865,1705157874,Spirit,Normal,2024-01-13T16:57:54
861921,830865,1705158017,Irsk Kaffe,Normal,2024-01-13T17:00:17
862028,830865,1705158238,Vand,Normal,2024-01-13T17:03:58
862051,830865,1705158289,Variable,Normal,2024-01-13T17:04:49
862913,806964,1705160343,Fest,Normal,2024-01-13T17:39:03
862928,806964,1705160366,Buffet,Normal,2024-01-13T17:39:26
862935,806964,1705160377,Drikkevarer,Normal,2024-01-13T17:39:37
862955,806964,1705160390,Mad ud af huset,Normal,2024-01-13T17:39:50
866702,571262,1705165814,EKSTRA,Normal,2024-01-13T19:10:14
880312,430872,1705232262,Jul,Normal,2024-01-14T13:37:42
882906,552140,1705239283,Tilbud,Normal,2024-01-14T15:34:43
883047,552140,1705239722,Tilbud,Normal,2024-01-14T15:42:02
893335,801868,1705300396,"√òl, Vand og Vin",Normal,2024-01-15T08:33:16
893336,801868,1705300396,Spiritus,Normal,2024-01-15T08:33:16
893337,801868,1705300396,Snacks,Normal,2024-01-15T08:33:16
893338,801868,1705300396,Coktails,Normal,2024-01-15T08:33:16
893637,497891,1705304422,Sort kaffe,Normal,2024-01-15T09:40:22
893896,483735,1705306988,"toilet 5,-kr",Normal,2024-01-15T10:23:08
894122,894032,1705308298,System,System,2024-01-15T10:44:58
894124,894032,1705308298,Unspecified,Normal,2024-01-15T10:44:58
894420,894372,1705310023,System,System,2024-01-15T11:13:43
894422,894372,1705310023,Unspecified,Normal,2024-01-15T11:13:43
894504,419349,1705310744,Pose,Normal,2024-01-15T11:25:44
894649,497891,1705311520,Chokolade,Normal,2024-01-15T11:38:40
895206,497891,1705313654,Diverse,Normal,2024-01-15T12:14:14
898213,556398,1705320265,Frokost tilbud 55kr,Normal,2024-01-15T14:04:25
898256,556398,1705320381,Dose 5 kr,Normal,2024-01-15T14:06:21
898269,556398,1705320438,Pitabr√∏d 35kr,Normal,2024-01-15T14:07:18
898276,556398,1705320457,Durum 45kr,Normal,2024-01-15T14:07:37
898303,556398,1705320502,Almenlig bitabr√∏d 30kr,Normal,2024-01-15T14:08:22
898698,898548,1705321665,System,System,2024-01-15T14:27:45
898700,898548,1705321665,Unspecified,Normal,2024-01-15T14:27:45
898736,898548,1705321698,Appetizers,Normal,2024-01-15T14:28:18
898737,898548,1705321698,Burgers,Normal,2024-01-15T14:28:18
898738,898548,1705321698,Beverages,Normal,2024-01-15T14:28:18
898739,898548,1705321698,Desserts,Normal,2024-01-15T14:28:18
899282,898548,1705323282,Appetizers,Normal,2024-01-15T14:54:42
901574,686203,1705330704,Unspecified,Normal,2024-01-15T16:58:24
907825,630709,1705350382,Drikkepenge,Normal,2024-01-15T22:26:22
908689,429030,1705377338,Fad√∏l,Normal,2024-01-16T05:55:38
908690,429030,1705377338,D√•se/Flaske,Normal,2024-01-16T05:55:38
908691,429030,1705377338,Soft Drinks,Normal,2024-01-16T05:55:38
908692,429030,1705377338,Drinks,Normal,2024-01-16T05:55:38
908693,429030,1705377338,Spirits,Normal,2024-01-16T05:55:38
908780,894032,1705380887,Pizza,Normal,2024-01-16T06:54:47
908781,894032,1705380887,Indbagtre Pizzaer,Normal,2024-01-16T06:54:47
908782,894032,1705380887,Ekstra Tilbeh√∏r,Normal,2024-01-16T06:54:47
908783,894032,1705380887,B√∏rne Pizzaer,Normal,2024-01-16T06:54:47
908784,894032,1705380887,Hjemmelavet Burger & Sandwich,Normal,2024-01-16T06:54:47
908785,894032,1705380887,Snacks,Normal,2024-01-16T06:54:47
908786,894032,1705380887,Grill & Retter,Normal,2024-01-16T06:54:47
908787,894032,1705380887,Ruller,Normal,2024-01-16T06:54:47
908788,894032,1705380887,Pitabr√∏d,Normal,2024-01-16T06:54:47
908789,894032,1705380887,Pasta Retter,Normal,2024-01-16T06:54:47
908790,894032,1705380887,Salater,Normal,2024-01-16T06:54:47
908791,894032,1705380887,Drikkevarer,Normal,2024-01-16T06:54:47
908877,821767,1705381961,Sandawich 35,Normal,2024-01-16T07:12:41
909088,790220,1705389602,K√∏kken,Normal,2024-01-16T09:20:02
909089,790220,1705389602,K√∏kken (B√∏rnemenu),Normal,2024-01-16T09:20:02
909090,790220,1705389602,K√∏kken (Desserter),Normal,2024-01-16T09:20:02
909091,790220,1705389602,Ud af Huset,Normal,2024-01-16T09:20:02
909092,790220,1705389602,Ud af Huset (B√∏rnemenu),Normal,2024-01-16T09:20:02
909093,790220,1705389602,Ud af Huset (Desserter),Normal,2024-01-16T09:20:02
909094,790220,1705389602,"Kaffe, Te, Varm Kakao",Normal,2024-01-16T09:20:02
909095,790220,1705389602,Fad√∏l Fra Jelling Bryggeri,Normal,2024-01-16T09:20:02
909096,790220,1705389602,Fad√∏l Fra Tuborg,Normal,2024-01-16T09:20:02
909097,790220,1705389602,Kolde Drikke,Normal,2024-01-16T09:20:02
909098,790220,1705389602,Hvidvin,Normal,2024-01-16T09:20:02
909099,790220,1705389602,Ros√©vin,Normal,2024-01-16T09:20:02
909100,790220,1705389602,R√∏dvin,Normal,2024-01-16T09:20:02
909101,790220,1705389602,K√∏kken,Normal,2024-01-16T09:20:02
909172,909042,1705389624,System,System,2024-01-16T09:20:24
909177,909042,1705389624,Unspecified,Normal,2024-01-16T09:20:24
913421,913419,1705405391,System,System,2024-01-16T13:43:11
913423,913419,1705405391,Unspecified,Normal,2024-01-16T13:43:11
913439,913419,1705405391,Appetizers,Normal,2024-01-16T13:43:11
913440,913419,1705405391,Burgers,Normal,2024-01-16T13:43:11
913441,913419,1705405391,Beverages,Normal,2024-01-16T13:43:11
913442,913419,1705405391,Desserts,Normal,2024-01-16T13:43:11
913903,913797,1705406405,System,System,2024-01-16T14:00:05
913905,913797,1705406405,Unspecified,Normal,2024-01-16T14:00:05
916867,478433,1705414918,Varme drikke,Normal,2024-01-16T16:21:58
919436,478433,1705420533,Menu,Normal,2024-01-16T17:55:33
919456,478433,1705420639,Menu,Normal,2024-01-16T17:57:19
919634,478433,1705420895,Menu,Normal,2024-01-16T18:01:35
923307,923303,1705426435,System,System,2024-01-16T19:33:55
923309,923303,1705426435,Unspecified,Normal,2024-01-16T19:33:55
923326,923303,1705426435,Appetizers,Normal,2024-01-16T19:33:55
923327,923303,1705426435,Burgers,Normal,2024-01-16T19:33:55
923328,923303,1705426435,Beverages,Normal,2024-01-16T19:33:55
923329,923303,1705426435,Desserts,Normal,2024-01-16T19:33:55
928943,498629,1705484895,Gavekort,Normal,2024-01-17T11:48:15
929443,894032,1705486811,B√¶gerpose,Normal,2024-01-17T12:20:11
933419,582373,1705495168,Sandwich,Normal,2024-01-17T14:39:28
933995,582373,1705495623,Unspecified,Normal,2024-01-17T14:47:03
934291,582373,1705498136,Unspecified,Normal,2024-01-17T15:28:56
936085,471431,1705504191,Unspecified,Normal,2024-01-17T17:09:51
936137,431733,1705504314,Rabatordning,Normal,2024-01-17T17:11:54
937188,894372,1705506826,Alkoholfri √∏l,Normal,2024-01-17T17:53:46
937189,894372,1705506826,Sodavand,Normal,2024-01-17T17:53:46
937190,894372,1705506826,Vand,Normal,2024-01-17T17:53:46
937191,894372,1705506826,Sandwich Grovbolle,Normal,2024-01-17T17:53:46
937192,894372,1705506826,Pommes,Normal,2024-01-17T17:53:46
937193,894372,1705506826,Frokost Menu 1.,Normal,2024-01-17T17:53:46
937194,894372,1705506826,Menu 2,Normal,2024-01-17T17:53:46
937195,894372,1705506826,Rugbr√∏d Med,Normal,2024-01-17T17:53:46
937196,894372,1705506826,Hvidt Br√∏d,Normal,2024-01-17T17:53:46
937197,894372,1705506826,Forretter,Normal,2024-01-17T17:53:46
937198,894372,1705506826,Fish & Chips,Normal,2024-01-17T17:53:46
937199,894372,1705506826,Varmeretter,Normal,2024-01-17T17:53:46
937200,894372,1705506826,B√∏rnemenu,Normal,2024-01-17T17:53:46
937201,894372,1705506826,Fad√∏l,Normal,2024-01-17T17:53:46
937202,894372,1705506826,Cocktails,Normal,2024-01-17T17:53:46
937203,894372,1705506826,Hvidvine,Normal,2024-01-17T17:53:46
937204,894372,1705506826,Ros√©vine,Normal,2024-01-17T17:53:46
937205,894372,1705506826,R√∏dvin,Normal,2024-01-17T17:53:46
937206,894372,1705506826,Fiskehandel,Normal,2024-01-17T17:53:46
938047,920026,1705508101,System,System,2024-01-17T18:15:01
938049,920026,1705508101,Unspecified,Normal,2024-01-17T18:15:01
945331,528341,1705550286,Sm√∏rrebr√∏d,Normal,2024-01-18T05:58:06
945332,528341,1705550286,Take Away Menu,Normal,2024-01-18T05:58:06
945333,528341,1705550286,Kaffe og Kage,Normal,2024-01-18T05:58:06
945334,528341,1705550286,Kolde Drikke,Normal,2024-01-18T05:58:06
945335,528341,1705550286,Varme Drikke,Normal,2024-01-18T05:58:06
945671,617902,1705561428,Pizza,Normal,2024-01-18T09:03:48
945672,617902,1705561428,"Mexicansk Pizza, St√¶rk",Normal,2024-01-18T09:03:48
945673,617902,1705561428,Salat Pizza,Normal,2024-01-18T09:03:48
945674,617902,1705561428,Halvt Indbagt Pizza,Normal,2024-01-18T09:03:48
945675,617902,1705561428,B√∏rne Pizza,Normal,2024-01-18T09:03:48
945676,617902,1705561428,Pizza Sandwich,Normal,2024-01-18T09:03:48
945677,617902,1705561428,Pitabr√∏d,Normal,2024-01-18T09:03:48
945678,617902,1705561428,Durum,Normal,2024-01-18T09:03:48
945679,617902,1705561428,Pasta,Normal,2024-01-18T09:03:48
945681,617902,1705561428,Burger,Normal,2024-01-18T09:03:48
945682,617902,1705561428,Salat,Normal,2024-01-18T09:03:48
945683,617902,1705561428,Drikkelse,Normal,2024-01-18T09:03:48
945785,617902,1705561594,Ekstra Tilbeh√∏r,Normal,2024-01-18T09:06:34
947737,599700,1705572913,Diverse,Normal,2024-01-18T12:15:13
947760,599700,1705572989,Tilbud feb-marts-april,Normal,2024-01-18T12:16:29
950097,898548,1705576684,hovedret,Normal,2024-01-18T13:18:04
950384,898548,1705577194,desert,Normal,2024-01-18T13:26:34
950443,898548,1705577312,vin,Normal,2024-01-18T13:28:32
950601,898548,1705577554,kaffe,Normal,2024-01-18T13:32:34
951725,598753,1705579561,Pose,Normal,2024-01-18T14:06:01
951860,702457,1705579834,Unspecified,Normal,2024-01-18T14:10:34
954148,909042,1705585595,Menu,Normal,2024-01-18T15:46:35
955393,552140,1705588754,Alm. Pizza,Normal,2024-01-18T16:39:14
955529,552140,1705589107,B√∏rne Pizzas,Normal,2024-01-18T16:45:07
957845,501503,1705594350,Unspecified,Normal,2024-01-18T18:12:30
964359,571300,1705604762,KAFFE,Normal,2024-01-18T21:06:02
964362,571300,1705604790,EKSTRA,Normal,2024-01-18T21:06:30
966742,687188,1705616637,Slik,Normal,2024-01-19T00:23:57
968350,687188,1705652228,Tobak,Normal,2024-01-19T10:17:08
968954,622592,1705655022,To-go,Normal,2024-01-19T11:03:42
969248,968700,1705656233,System,System,2024-01-19T11:23:53
969250,968700,1705656233,Unspecified,Normal,2024-01-19T11:23:53
969353,687188,1705656864,Drikkevare,Normal,2024-01-19T11:34:24
971336,970989,1705661697,System,System,2024-01-19T12:54:57
971339,970989,1705661697,Unspecified,Normal,2024-01-19T12:54:57
971997,971661,1705662618,System,System,2024-01-19T13:10:18
971999,971661,1705662618,Unspecified,Normal,2024-01-19T13:10:18
973005,950627,1705664101,System,System,2024-01-19T13:35:01
973007,950627,1705664101,Unspecified,Normal,2024-01-19T13:35:01
976502,617902,1705670619,Levering,Normal,2024-01-19T15:23:39
977359,617549,1705672243,Grillmad,Normal,2024-01-19T15:50:43
977539,617549,1705672666,P√∏lser,Normal,2024-01-19T15:57:46
977607,617549,1705672757,B√∏rne meals,Normal,2024-01-19T15:59:17
977613,617549,1705672777,Pommes frites,Normal,2024-01-19T15:59:37
977625,617549,1705672798,Alm. Burger,Normal,2024-01-19T15:59:58
977643,617549,1705672816,Meatlover burger,Normal,2024-01-19T16:00:16
977660,617549,1705672841,Specialiteter,Normal,2024-01-19T16:00:41
977947,954731,1705673402,System,System,2024-01-19T16:10:02
977949,954731,1705673402,Unspecified,Normal,2024-01-19T16:10:02
978400,617549,1705674370,Menu,Normal,2024-01-19T16:26:10
978429,617549,1705674404,Sodavand,Normal,2024-01-19T16:26:44
978920,428910,1705675208,Unspecified,Normal,2024-01-19T16:40:08
979244,570302,1705675711,Jule menuer,Normal,2024-01-19T16:48:31
981769,617549,1705679704,Pose,Normal,2024-01-19T17:55:04
982582,527401,1705680644,Frokost,Normal,2024-01-19T18:10:44
982809,527401,1705680890,Frokost,Normal,2024-01-19T18:14:50
987261,571300,1705684646,KAFFE,Normal,2024-01-19T19:17:26
991775,530346,1705689065,Unspecified,Normal,2024-01-19T20:31:05
995814,687188,1705697449,Is,Normal,2024-01-19T22:50:49
1001335,527625,1705731328,Levering,Normal,2024-01-20T08:15:28
1001497,821767,1705737449,Varme drik,Normal,2024-01-20T09:57:29
1001764,968571,1705739701,System,System,2024-01-20T10:35:01
1001766,968571,1705739701,Unspecified,Normal,2024-01-20T10:35:01
1002757,821767,1705744412,Kildevand,Normal,2024-01-20T11:53:32
1010469,587873,1705756739,Pose,Normal,2024-01-20T15:18:59
1012180,582947,1705759258,Drikkelse,Normal,2024-01-20T16:00:58
1031353,570302,1705834692,Diverse (Tapas osv),Normal,2024-01-21T12:58:12
1036614,587442,1705849234,Kontanter,Normal,2024-01-21T17:00:34
1040304,511948,1705856566,Drikkevarer,Normal,2024-01-21T19:02:46
1041008,511948,1705857534,Luxsus √òl,Normal,2024-01-21T19:18:54
1043728,754211,1705863919,Gin,Normal,2024-01-21T21:05:19
1043729,754211,1705863934,Tonic/mixere,Normal,2024-01-21T21:05:34
1043995,571300,1705865335,Unspecified,Normal,2024-01-21T21:28:55
1045588,1045570,1705912654,System,System,2024-01-22T10:37:34
1045590,1045570,1705912654,Unspecified,Normal,2024-01-22T10:37:34
1046572,480342,1705918436,Forret,Normal,2024-01-22T12:13:56
1049924,1049879,1705925068,System,System,2024-01-22T14:04:28
1049926,1049879,1705925068,Unspecified,Normal,2024-01-22T14:04:28
1050556,471431,1705926616,Transport,Normal,2024-01-22T14:30:16
1066009,1063882,1706008012,System,System,2024-01-23T13:06:52
1066012,1063882,1706008012,Unspecified,Normal,2024-01-23T13:06:52
1066548,1048676,1706008801,System,System,2024-01-23T13:20:01
1066552,1048676,1706008801,Unspecified,Normal,2024-01-23T13:20:01
1072561,316229,1706022552,Forretter,Normal,2024-01-23T17:09:12
1072951,316229,1706023303,Hovedretter,Normal,2024-01-23T17:21:43
1073308,316229,1706024174,Desserter,Normal,2024-01-23T17:36:14
1073674,316229,1706024847,Natmad,Normal,2024-01-23T17:47:27
1073892,316229,1706025243,Supper,Normal,2024-01-23T17:54:03
1073954,316229,1706025329,Middagsretter,Normal,2024-01-23T17:55:29
1074233,316229,1706025677,Diverse Kaffe og The,Normal,2024-01-23T18:01:17
1074496,316229,1706026086,Efter Bis√¶ttelse,Normal,2024-01-23T18:08:06
1074567,316229,1706026171,Buffet,Normal,2024-01-23T18:09:31
1075001,316229,1706026705,Brunch,Normal,2024-01-23T18:18:25
1075045,316229,1706026779,Frokostplatter og Frokostbuffet,Normal,2024-01-23T18:19:39
1075206,316229,1706027014,Sm√∏rrebr√∏d,Normal,2024-01-23T18:23:34
1075855,316229,1706027809,Menu Forslag,Normal,2024-01-23T18:36:49
1075886,316229,1706027862,Vine,Normal,2024-01-23T18:37:42
1076688,617549,1706028692,Ekstra,Normal,2024-01-23T18:51:32
1080506,552140,1706034845,Familie Pizzas,Normal,2024-01-23T20:34:05
1083821,1045570,1706064919,Menu,Normal,2024-01-24T04:55:19
1086526,478134,1706092604,Unspecified,Normal,2024-01-24T12:36:44
1088396,1088395,1706095576,System,System,2024-01-24T13:26:16
1088399,1088395,1706095576,Unspecified,Normal,2024-01-24T13:26:16
1088416,1088395,1706095576,Appetizers,Normal,2024-01-24T13:26:16
1088417,1088395,1706095576,Burgers,Normal,2024-01-24T13:26:16
1088418,1088395,1706095576,Beverages,Normal,2024-01-24T13:26:16
1088419,1088395,1706095576,Desserts,Normal,2024-01-24T13:26:16
1089882,1068251,1706098801,System,System,2024-01-24T14:20:01
1089884,1068251,1706098801,Unspecified,Normal,2024-01-24T14:20:01
1090101,1089942,1706099409,System,System,2024-01-24T14:30:09
1090104,1089942,1706099409,Unspecified,Normal,2024-01-24T14:30:09
1090829,1090502,1706101115,System,System,2024-01-24T14:58:35
1090831,1090502,1706101115,Unspecified,Normal,2024-01-24T14:58:35
1092896,1092820,1706106659,System,System,2024-01-24T16:30:59
1092898,1092820,1706106659,Unspecified,Normal,2024-01-24T16:30:59
1093408,1090502,1706107897,"Beers, RTDs and drinks",Normal,2024-01-24T16:51:37
1097929,571300,1706115664,B√∏rne Bagel,Normal,2024-01-24T19:01:04
1105179,968700,1706153223,F√∏devarer,Normal,2024-01-25T05:27:03
1105180,968700,1706153223,K√∏bmandsvarer,Normal,2024-01-25T05:27:03
1105181,968700,1706153223,Frosne Varer,Normal,2024-01-25T05:27:03
1105182,968700,1706153223,Husholdningsartikler,Normal,2024-01-25T05:27:03
1105183,968700,1706153223,Drikkevarer,Normal,2024-01-25T05:27:03
1105184,968700,1706153223,Snacks,Normal,2024-01-25T05:27:03
1105185,968700,1706153223,Madlavningsolier,Normal,2024-01-25T05:27:03
1105816,1105770,1706171040,System,System,2024-01-25T10:24:00
1105818,1105770,1706171040,Unspecified,Normal,2024-01-25T10:24:00
1110583,587442,1706182163,Unspecified,Normal,2024-01-25T13:29:23
1112298,582640,1706185220,Add ons,Normal,2024-01-25T14:20:20
1112414,582640,1706185469,Menuer,Normal,2024-01-25T14:24:29
1113038,1090492,1706186701,System,System,2024-01-25T14:45:01
1113040,1090492,1706186701,Unspecified,Normal,2024-01-25T14:45:01
1114001,1091125,1706188501,System,System,2024-01-25T15:15:01
1114007,1091125,1706188501,Unspecified,Normal,2024-01-25T15:15:01
1115836,1115691,1706192207,System,System,2024-01-25T16:16:47
1115838,1115691,1706192207,Unspecified,Normal,2024-01-25T16:16:47
1115865,1115691,1706192230,Appetizers,Normal,2024-01-25T16:17:10
1115866,1115691,1706192230,Burgers,Normal,2024-01-25T16:17:10
1115868,1115691,1706192230,Beverages,Normal,2024-01-25T16:17:10
1115870,1115691,1706192230,Desserts,Normal,2024-01-25T16:17:10
1125495,478851,1706206480,Dessert,Normal,2024-01-25T20:14:40
1127606,1127605,1706210294,System,System,2024-01-25T21:18:14
1127608,1127605,1706210294,Unspecified,Normal,2024-01-25T21:18:14
1127624,1127605,1706210294,Appetizers,Normal,2024-01-25T21:18:14
1127625,1127605,1706210294,Burgers,Normal,2024-01-25T21:18:14
1127626,1127605,1706210294,Beverages,Normal,2024-01-25T21:18:14
1127627,1127605,1706210294,Desserts,Normal,2024-01-25T21:18:14
1128797,1127605,1706213301,Allendorf,Normal,2024-01-25T22:08:21
1130826,564687,1706242646,Coffee,Normal,2024-01-26T06:17:26
1130827,564687,1706242646,Soft Drink,Normal,2024-01-26T06:17:26
1130828,564687,1706242646,Wine,Normal,2024-01-26T06:17:26
1130829,564687,1706242646,Cold Coffee,Normal,2024-01-26T06:17:26
1130830,564687,1706242646,Cocoa/ Chai/ Tea,Normal,2024-01-26T06:17:26
1130831,564687,1706242646,Beer & Bitter,Normal,2024-01-26T06:17:26
1130832,564687,1706242646,Liquor,Normal,2024-01-26T06:17:26
1130833,564687,1706242646,Grilled Panini,Normal,2024-01-26T06:17:26
1130834,564687,1706242646,Wrap,Normal,2024-01-26T06:17:26
1130835,564687,1706242646,Omelet,Normal,2024-01-26T06:17:26
1130836,564687,1706242646,Sandwich,Normal,2024-01-26T06:17:26
1130837,564687,1706242646,Homemade Pie,Normal,2024-01-26T06:17:26
1130838,564687,1706242646,Rye-Bun,Normal,2024-01-26T06:17:26
1130839,564687,1706242646,Brunch,Normal,2024-01-26T06:17:26
1130840,564687,1706242646,Dish of The Day,Normal,2024-01-26T06:17:26
1131704,1105707,1706256901,System,System,2024-01-26T10:15:01
1131706,1105707,1706256901,Unspecified,Normal,2024-01-26T10:15:01
1133134,668642,1706263356,Unspecified,Normal,2024-01-26T12:02:36
1134243,453680,1706265795,Sm√∏rrebr√∏d,Normal,2024-01-26T12:43:15
1136737,1136200,1706269602,System,System,2024-01-26T13:46:42
1136739,1136200,1706269602,Unspecified,Normal,2024-01-26T13:46:42
1139506,1139208,1706274465,System,System,2024-01-26T15:07:45
1139508,1139208,1706274465,Unspecified,Normal,2024-01-26T15:07:45
1139982,659083,1706275302,Personalebolle,Normal,2024-01-26T15:21:42
1140047,659083,1706275406,Ted√•ser,Normal,2024-01-26T15:23:26
1140092,659083,1706275474,Gavekort,Normal,2024-01-26T15:24:34
1140429,659083,1706276019,S√¶ssonplatte,Normal,2024-01-26T15:33:39
1141327,565343,1706277546,Menu,Normal,2024-01-26T15:59:06
1166792,1133298,1706350501,System,System,2024-01-27T12:15:01
1166795,1133298,1706350501,Unspecified,Normal,2024-01-27T12:15:01
1198727,508797,1706436868,Kolde drikke,Normal,2024-01-28T12:14:28
1198975,508797,1706437565,Boller og kager,Normal,2024-01-28T12:26:05
1208120,570408,1706454586,Mobilepay,Normal,2024-01-28T17:09:46
1216321,512884,1706471134,Unspecified,Normal,2024-01-28T21:45:34
1218614,1218389,1706521462,System,System,2024-01-29T11:44:22
1218616,1218389,1706521462,Unspecified,Normal,2024-01-29T11:44:22
1218635,1218389,1706521473,Appetizers,Normal,2024-01-29T11:44:33
1218636,1218389,1706521473,Burgers,Normal,2024-01-29T11:44:33
1218637,1218389,1706521473,Beverages,Normal,2024-01-29T11:44:33
1218638,1218389,1706521473,Desserts,Normal,2024-01-29T11:44:33
1224092,682833,1706531394,Sm√∏rrebr√∏d,Normal,2024-01-29T14:29:54
1224173,570302,1706531555,Unspecified,Normal,2024-01-29T14:32:35
1227169,564937,1706538390,Burger,Normal,2024-01-29T16:26:30
1227262,564937,1706538617,Diverse/Grill,Normal,2024-01-29T16:30:17
1227323,564937,1706538734,Drikkevarer,Normal,2024-01-29T16:32:14
1227387,564937,1706538845,Frokost Tilbud,Normal,2024-01-29T16:34:05
1227395,564937,1706538900,Durum - Hjemmelavet,Normal,2024-01-29T16:35:00
1227426,564937,1706538972,Retter med Ris & Hummus,Normal,2024-01-29T16:36:12
1227427,564937,1706538979,Nachos,Normal,2024-01-29T16:36:19
1227444,564937,1706539046,Ekstra Tilbeh√∏r,Normal,2024-01-29T16:37:26
1229917,1229745,1706544723,System,System,2024-01-29T18:12:03
1229919,1229745,1706544723,Unspecified,Normal,2024-01-29T18:12:03
1231208,1231207,1706546885,System,System,2024-01-29T18:48:05
1231210,1231207,1706546885,Unspecified,Normal,2024-01-29T18:48:05
1231213,1231207,1706546885,Te,Normal,2024-01-29T18:48:05
1231214,1231207,1706546885,IS,Normal,2024-01-29T18:48:05
1231216,1231207,1706546885,Cafe,Normal,2024-01-29T18:48:05
1231217,1231207,1706546885,Brugskunst,Normal,2024-01-29T18:48:05
1236698,583447,1706585233,Sushi Menu,Normal,2024-01-30T05:27:13
1236699,583447,1706585233,Kokkens Udvalgte,Normal,2024-01-30T05:27:13
1236700,583447,1706585233,Sashimi,Normal,2024-01-30T05:27:13
1236701,583447,1706585233,Nigiri Sushi,Normal,2024-01-30T05:27:13
1236702,583447,1706585233,Uramaki,Normal,2024-01-30T05:27:13
1236703,583447,1706585233,Futomaki,Normal,2024-01-30T05:27:13
1236704,583447,1706585233,Kaburimaki,Normal,2024-01-30T05:27:13
1236705,583447,1706585233,Hosomaki,Normal,2024-01-30T05:27:13
1236706,583447,1706585233,Rispapir Rull,Normal,2024-01-30T05:27:13
1236707,583447,1706585233,Tilbeh√∏r,Normal,2024-01-30T05:27:13
1236708,583447,1706585233,Supper,Normal,2024-01-30T05:27:13
1236709,583447,1706585233,Forretter,Normal,2024-01-30T05:27:13
1236710,583447,1706585233,Wokret,Normal,2024-01-30T05:27:13
1236711,583447,1706585233,Hovedretter,Normal,2024-01-30T05:27:13
1236712,583447,1706585233,B√∏rne Menu,Normal,2024-01-30T05:27:13
1236713,583447,1706585233,Lette Retter,Normal,2024-01-30T05:27:13
1236714,583447,1706585233,Dessert,Normal,2024-01-30T05:27:13
1236715,583447,1706585233,Soya Menu,Normal,2024-01-30T05:27:13
1236716,583447,1706585233,Soya Menu Til Din Fest,Normal,2024-01-30T05:27:13
1244753,1244494,1706620135,System,System,2024-01-30T15:08:55
1244755,1244494,1706620135,Unspecified,Normal,2024-01-30T15:08:55
1246235,1246159,1706623390,System,System,2024-01-30T16:03:10
1246237,1246159,1706623390,Unspecified,Normal,2024-01-30T16:03:10
1246469,687188,1706623982,Unspecified,Normal,2024-01-30T16:13:02
1246543,1246374,1706624170,System,System,2024-01-30T16:16:10
1246545,1246374,1706624170,Unspecified,Normal,2024-01-30T16:16:10
1247437,1247330,1706626365,System,System,2024-01-30T16:52:45
1247439,1247330,1706626365,Unspecified,Normal,2024-01-30T16:52:45
1247881,619268,1706627296,Sandwich,Normal,2024-01-30T17:08:16
1248892,619268,1706629387,P√∏lser,Normal,2024-01-30T17:43:07
1249187,619268,1706629994,Diverse,Normal,2024-01-30T17:53:14
1249463,619268,1706630521,Sm√∏rrebr√∏d,Normal,2024-01-30T18:02:01
1249582,619268,1706630729,Drikkevarer,Normal,2024-01-30T18:05:29
1255846,790220,1706639450,Billetter,Normal,2024-01-30T20:30:50
1259240,1063882,1706681765,Menu,Normal,2024-01-31T08:16:05
1259950,830445,1706689525,Unspecified,Normal,2024-01-31T10:25:25
1263480,1263222,1706697901,System,System,2024-01-31T12:45:01
1263482,1263222,1706697901,Unspecified,Normal,2024-01-31T12:45:01
1264090,1240441,1706698501,System,System,2024-01-31T12:55:01
1264092,1240441,1706698501,Unspecified,Normal,2024-01-31T12:55:01
1267270,433251,1706702369,Gavekort,Normal,2024-01-31T13:59:29
1275519,821767,1706716083,MAD,Normal,2024-01-31T17:48:03
1275562,821767,1706716139,Slik & Chokolade,Normal,2024-01-31T17:48:59
1275619,821767,1706716211,Kolde drik,Normal,2024-01-31T17:50:11
1279637,619268,1706720633,Tilbud Smoerrebroed,Normal,2024-01-31T19:03:53
1289929,809984,1706778457,Unspecified,Normal,2024-02-01T11:07:37
1289981,530392,1706778641,Unspecified,Normal,2024-02-01T11:10:41
1290012,444585,1706778790,Unspecified,Normal,2024-02-01T11:13:10
1290013,436227,1706778802,Unspecified,Normal,2024-02-01T11:13:22
1290040,287678,1706778903,Unspecified,Normal,2024-02-01T11:15:03
1290041,282976,1706778903,Unspecified,Normal,2024-02-01T11:15:03
1290042,276585,1706778903,Unspecified,Normal,2024-02-01T11:15:03
1290043,276511,1706778903,Unspecified,Normal,2024-02-01T11:15:03
1290044,221625,1706778903,Unspecified,Normal,2024-02-01T11:15:03
1290045,106493,1706778918,Unspecified,Normal,2024-02-01T11:15:18
1290048,64276,1706778918,Unspecified,Normal,2024-02-01T11:15:18
1290643,497486,1706780927,Forretter,Normal,2024-02-01T11:48:47
1290644,497486,1706780927,Sushi Menuer,Normal,2024-02-01T11:48:47
1290645,497486,1706780927,Nigiri,Normal,2024-02-01T11:48:47
1290646,497486,1706780927,Uramaki,Normal,2024-02-01T11:48:47
1290647,497486,1706780927,Grillretter,Normal,2024-02-01T11:48:47
1290648,497486,1706780927,Tilbeh√∏r,Normal,2024-02-01T11:48:47
1290649,497486,1706780927,Dyppelser,Normal,2024-02-01T11:48:47
1290650,497486,1706780927,Sodavand,Normal,2024-02-01T11:48:47
1290651,497486,1706780927,√òl,Normal,2024-02-01T11:48:47
1292825,571300,1706784402,STUDENTER,Normal,2024-02-01T12:46:42
1295803,1266465,1706787901,System,System,2024-02-01T13:45:01
1295805,1266465,1706787901,Unspecified,Normal,2024-02-01T13:45:01
1297674,471184,1706791119,Poletter,Normal,2024-02-01T14:38:39
1298041,471184,1706791692,Poletter,Normal,2024-02-01T14:48:12
1319304,1319245,1706866735,System,System,2024-02-02T11:38:55
1319306,1319245,1706866735,Unspecified,Normal,2024-02-02T11:38:55
1319848,1319747,1706867913,System,System,2024-02-02T11:58:33
1319850,1319747,1706867913,Unspecified,Normal,2024-02-02T11:58:33
1319925,1319858,1706868072,System,System,2024-02-02T12:01:12
1319927,1319858,1706868072,Unspecified,Normal,2024-02-02T12:01:12
1319953,1319876,1706868131,System,System,2024-02-02T12:02:11
1319955,1319876,1706868131,Unspecified,Normal,2024-02-02T12:02:11
1320438,599346,1706869372,Tapas,Normal,2024-02-02T12:22:52
1320605,1320492,1706869690,System,System,2024-02-02T12:28:10
1320607,1320492,1706869690,Unspecified,Normal,2024-02-02T12:28:10
1320629,1320492,1706869700,Appetizers,Normal,2024-02-02T12:28:20
1320630,1320492,1706869700,Burgers,Normal,2024-02-02T12:28:20
1320631,1320492,1706869700,Beverages,Normal,2024-02-02T12:28:20
1320632,1320492,1706869700,Desserts,Normal,2024-02-02T12:28:20
1323831,599346,1706872766,Unspecified,Normal,2024-02-02T13:19:26
1330857,1246159,1706881904,Sort Te,Normal,2024-02-02T15:51:44
1330858,1246159,1706881904,Gr√∏n Te,Normal,2024-02-02T15:51:44
1330859,1246159,1706881904,Ice Bakers,Normal,2024-02-02T15:51:44
1330860,1246159,1706881904,Caf√©en,Normal,2024-02-02T15:51:44
1333568,806964,1706885536,Busselskaber,Normal,2024-02-02T16:52:16
1335030,806964,1706887378,Mindesammenkomst,Normal,2024-02-02T17:22:58
1370939,1327293,1706963701,System,System,2024-02-03T14:35:01
1370941,1327293,1706963701,Unspecified,Normal,2024-02-03T14:35:01
1394608,471663,1706995392,Forretter,Normal,2024-02-03T23:23:12
1394751,471663,1706995784,Ekstra,Normal,2024-02-03T23:29:44
1394906,471663,1706996324,Diverse,Normal,2024-02-03T23:38:44
1402023,316229,1707046074,S√∏ndags frokost,Normal,2024-02-04T13:27:54
1419971,1419958,1707121004,System,System,2024-02-05T10:16:44
1419973,1419958,1707121004,Unspecified,Normal,2024-02-05T10:16:44
1424619,764836,1707131970,Billet/salg,Normal,2024-02-05T13:19:30
1424620,764836,1707131970,Billet/adgang,Normal,2024-02-05T13:19:30
1424621,764836,1707131970,Merchandise,Normal,2024-02-05T13:19:30
1424622,764836,1707131970,B√∏ger,Normal,2024-02-05T13:19:30
1424623,764836,1707131970,Menu,Normal,2024-02-05T13:19:30
1439344,1439236,1707160161,System,System,2024-02-05T21:09:21
1439346,1439236,1707160161,Unspecified,Normal,2024-02-05T21:09:21
1439474,1439392,1707160536,System,System,2024-02-05T21:15:36
1439476,1439392,1707160536,Unspecified,Normal,2024-02-05T21:15:36
1440401,447096,1707164802,Koresel,Normal,2024-02-05T22:26:42
1447751,1447553,1707220264,System,System,2024-02-06T13:51:04
1447753,1447553,1707220264,Unspecified,Normal,2024-02-06T13:51:04
1450690,571262,1707226054,Studenter rabat,Normal,2024-02-06T15:27:34
1450707,571300,1707226076,Studenter,Normal,2024-02-06T15:27:56
1451954,1419958,1707228352,Pitabr√∏d,Normal,2024-02-06T16:05:52
1451955,1419958,1707228352,Durum,Normal,2024-02-06T16:05:52
1451956,1419958,1707228352,Burger,Normal,2024-02-06T16:05:52
1451960,1419958,1707228352,Menu,Normal,2024-02-06T16:05:52
1451961,1419958,1707228352,Varme Drikke,Normal,2024-02-06T16:05:52
1452759,667471,1707230191,Brugt vinyl,Normal,2024-02-06T16:36:31
1452929,667471,1707230596,Drikkelse,Normal,2024-02-06T16:43:16
1456461,512884,1707236921,MADVARER,Normal,2024-02-06T18:28:41
1465911,1439236,1707285210,Servicer,Normal,2024-02-07T07:53:30
1465912,1439236,1707285210,Produkter,Normal,2024-02-07T07:53:30
1468065,598930,1707299587,Juice,Normal,2024-02-07T11:53:07
1468091,598930,1707299689,Juice,Normal,2024-02-07T11:54:49
1469963,1469628,1707302900,System,System,2024-02-07T12:48:20
1469965,1469628,1707302900,Drikkevare - kolde,Normal,2024-02-07T12:48:20
1472136,1472134,1707305302,System,System,2024-02-07T13:28:22
1472138,1472134,1707305302,Unspecified,Normal,2024-02-07T13:28:22
1472144,1472134,1707305302,Boksleje,Normal,2024-02-07T13:28:22
1472145,1472134,1707305302,"pasning, forplejning og forbrug",Normal,2024-02-07T13:28:22
1474291,462742,1707308620,Speciel tilbud,Normal,2024-02-07T14:23:40
1476185,564638,1707311876,Kredit,Normal,2024-02-07T15:17:56
1477327,1447553,1707314082,Sm√∏rrebr√∏d,Normal,2024-02-07T15:54:42
1477328,1447553,1707314082,Drikkevarer,Normal,2024-02-07T15:54:42
1477329,1447553,1707314082,Sandwich,Normal,2024-02-07T15:54:42
1477330,1447553,1707314082,Dagens Ret,Normal,2024-02-07T15:54:42
1477331,1447553,1707314082,Diverse,Normal,2024-02-07T15:54:42
1493829,1244494,1707366165,Brunch,Normal,2024-02-08T06:22:45
1493830,1244494,1707366165,Omelet,Normal,2024-02-08T06:22:45
1493831,1244494,1707366165,H√∏jtbelagt Sm√∏rrebr√∏d,Normal,2024-02-08T06:22:45
1493832,1244494,1707366165,Snacks,Normal,2024-02-08T06:22:45
1493833,1244494,1707366165,Tapas,Normal,2024-02-08T06:22:45
1493834,1244494,1707366165,Moules Frites,Normal,2024-02-08T06:22:45
1493835,1244494,1707366165,Pasta,Normal,2024-02-08T06:22:45
1493836,1244494,1707366165,Burgere,Normal,2024-02-08T06:22:45
1493837,1244494,1707366165,Sandwich,Normal,2024-02-08T06:22:45
1493838,1244494,1707366165,Kager and Desserter,Normal,2024-02-08T06:22:45
1493839,1244494,1707366165,B√∏rnemenu,Normal,2024-02-08T06:22:45
1493840,1244494,1707366165,Forretter,Normal,2024-02-08T06:22:45
1493841,1244494,1707366165,Hovedretter,Normal,2024-02-08T06:22:45
1493842,1244494,1707366165,Cocktails,Normal,2024-02-08T06:22:45
1493843,1244494,1707366165,√òl,Normal,2024-02-08T06:22:45
1493844,1244494,1707366165,Sodavand,Normal,2024-02-08T06:22:45
1493845,1244494,1707366165,Varme Drikke,Normal,2024-02-08T06:22:45
1493846,1244494,1707366165,"Juice, Saft og Vand",Normal,2024-02-08T06:22:45
1493847,1244494,1707366165,Snack,Normal,2024-02-08T06:22:45
1493848,1244494,1707366165,Te og Kakao,Normal,2024-02-08T06:22:45
1493849,1244494,1707366165,Kaffedrinks,Normal,2024-02-08T06:22:45
1493850,1244494,1707366165,Champagne og Andre Bobler,Normal,2024-02-08T06:22:45
1493851,1244494,1707366165,Hvidvin,Normal,2024-02-08T06:22:45
1493852,1244494,1707366165,Ros√©,Normal,2024-02-08T06:22:45
1493853,1244494,1707366165,R√∏dvin,Normal,2024-02-08T06:22:45
1493854,1244494,1707366165,Dessert og Portvin,Normal,2024-02-08T06:22:45
1493855,1244494,1707366165,Spiritus,Normal,2024-02-08T06:22:45
1493856,1244494,1707366165,Rom,Normal,2024-02-08T06:22:45
1493857,1244494,1707366165,Snaps og Bitter,Normal,2024-02-08T06:22:45
1493858,1244494,1707366165,Whisky,Normal,2024-02-08T06:22:45
1493859,1244494,1707366165,Shots,Normal,2024-02-08T06:22:45
1494018,1244494,1707367380,Menu,Normal,2024-02-08T06:43:00
1494512,1494474,1707378035,System,System,2024-02-08T09:40:35
1494514,1494474,1707378035,Unspecified,Normal,2024-02-08T09:40:35
1499349,1089942,1707390296,Menu,Normal,2024-02-08T13:04:56
1504943,1504942,1707398607,System,System,2024-02-08T15:23:27
1504945,1504942,1707398607,Unspecified,Normal,2024-02-08T15:23:27
1504952,1504942,1707398607,Forretter / Snacks,Normal,2024-02-08T15:23:27
1504954,1504942,1707398607,Salater / Supper,Normal,2024-02-08T15:23:27
1504955,1504942,1707398607,Nudler og ris,Normal,2024-02-08T15:23:27
1504956,1504942,1707398607,Nudler og Ris,Normal,2024-02-08T15:23:27
1504959,1504942,1707398607,Wokretter,Normal,2024-02-08T15:23:27
1504963,1504942,1707398607,Karryretter,Normal,2024-02-08T15:23:27
1504964,1504942,1707398607,B√∏rnemenu,Normal,2024-02-08T15:23:27
1504966,1504942,1707398607,Drikke,Normal,2024-02-08T15:23:27
1504972,1504942,1707398607,Ekstra,Normal,2024-02-08T15:23:27
1506944,1472134,1707402019,k√∏rsel,Normal,2024-02-08T16:20:19
1506970,1472134,1707402071,diverse,Normal,2024-02-08T16:21:11
1507118,1472134,1707402329,tr√¶ning og hundepsykolog,Normal,2024-02-08T16:25:29
1507130,1472134,1707402348,hundefris√∏r,Normal,2024-02-08T16:25:48
1507288,419349,1707402637,Gavekort,Normal,2024-02-08T16:30:37
1508701,682833,1707405302,Biograf Frivillige,Normal,2024-02-08T17:15:02
1511152,453859,1707408983,Drikkevarer,Normal,2024-02-08T18:16:23
1523511,1439392,1707447704,Servicer,Normal,2024-02-09T05:01:44
1523512,1439392,1707447704,Produkter,Normal,2024-02-09T05:01:44
1526143,1526110,1707473566,System,System,2024-02-09T12:12:46
1526145,1526110,1707473566,Unspecified,Normal,2024-02-09T12:12:46
1526493,582411,1707474271,Unspecified,Normal,2024-02-09T12:24:31
1526507,1496955,1707474301,System,System,2024-02-09T12:25:01
1526509,1496955,1707474301,Unspecified,Normal,2024-02-09T12:25:01
1530941,1090502,1707480068,Bartender,Normal,2024-02-09T14:01:08
1531543,1090502,1707480878,Slush ice,Normal,2024-02-09T14:14:38
1531741,1090502,1707481175,"Shots, bomb, and shakers",Normal,2024-02-09T14:19:35
1547876,1547577,1707501819,System,System,2024-02-09T20:03:39
1547878,1547577,1707501819,Unspecified,Normal,2024-02-09T20:03:39
1549097,487219,1707503024,GUNKAN,Normal,2024-02-09T20:23:44
1550125,1547577,1707504024,Brunch,Normal,2024-02-09T20:40:24
1550126,1547577,1707504024,Manaish,Normal,2024-02-09T20:40:24
1550128,1547577,1707504024,Fatayer,Normal,2024-02-09T20:40:24
1550130,1547577,1707504024,Forret,Normal,2024-02-09T20:40:24
1550131,1547577,1707504024,Shawarma,Normal,2024-02-09T20:40:24
1550132,1547577,1707504024,Specialiteter,Normal,2024-02-09T20:40:24
1550133,1547577,1707504024,Pita,Normal,2024-02-09T20:40:24
1550134,1547577,1707504024,Durum,Normal,2024-02-09T20:40:24
1550135,1547577,1707504024,Pasta,Normal,2024-02-09T20:40:24
1550136,1547577,1707504024,Pizza,Normal,2024-02-09T20:40:24
1550137,1547577,1707504024,Burger,Normal,2024-02-09T20:40:24
1550138,1547577,1707504024,B√∏rn,Normal,2024-02-09T20:40:24
1550139,1547577,1707504024,Sides,Normal,2024-02-09T20:40:24
1550140,1547577,1707504024,Drikke,Normal,2024-02-09T20:40:24
1593353,481236,1707639102,Drikkepenge,Normal,2024-02-11T10:11:42
1597285,587442,1707653866,√òlkort,Normal,2024-02-11T14:17:46
1600087,570408,1707658815,Konya d√∂ner,Normal,2024-02-11T15:40:15
1617773,1617411,1707740457,System,System,2024-02-12T14:20:57
1617775,1617411,1707740457,Div. Vin,Normal,2024-02-12T14:20:57
1618038,1617411,1707741051,Appetizers,Normal,2024-02-12T14:30:51
1618039,1617411,1707741051,Burgers,Normal,2024-02-12T14:30:51
1618040,1617411,1707741051,Beverages,Normal,2024-02-12T14:30:51
1618041,1617411,1707741051,Desserts,Normal,2024-02-12T14:30:51
1618342,1617350,1707741685,System,System,2024-02-12T14:41:25
1618345,1617350,1707741685,Unspecified,Normal,2024-02-12T14:41:25
1620355,1620310,1707746032,System,System,2024-02-12T15:53:52
1620358,1620310,1707746032,Unspecified,Normal,2024-02-12T15:53:52
1620374,1620310,1707746039,Appetizers,Normal,2024-02-12T15:53:59
1620375,1620310,1707746039,Burgers,Normal,2024-02-12T15:53:59
1620376,1620310,1707746039,Beverages,Normal,2024-02-12T15:53:59
1620377,1620310,1707746039,Desserts,Normal,2024-02-12T15:53:59
1633161,599346,1707814580,Daydrinking,Normal,2024-02-13T10:56:20
1635566,429123,1707821563,Vand,Normal,2024-02-13T12:52:43
1635593,429123,1707821613,Vand,Normal,2024-02-13T12:53:33
1635794,1635674,1707821933,System,System,2024-02-13T12:58:53
1635796,1635674,1707821933,Unspecified,Normal,2024-02-13T12:58:53
1635900,1635826,1707822053,System,System,2024-02-13T13:00:53
1635902,1635826,1707822053,Unspecified,Normal,2024-02-13T13:00:53
1642568,1620276,1707832501,System,System,2024-02-13T15:55:01
1642570,1620276,1707832501,Unspecified,Normal,2024-02-13T15:55:01
1643312,1621129,1707834001,System,System,2024-02-13T16:20:01
1643314,1621129,1707834001,Unspecified,Normal,2024-02-13T16:20:01
1643633,1494474,1707834551,Burger,Normal,2024-02-13T16:29:11
1643634,1494474,1707834551,B√∏fsandwich,Normal,2024-02-13T16:29:11
1643635,1494474,1707834551,Fl√¶skesteg & Delle,Normal,2024-02-13T16:29:11
1643637,1494474,1707834551,Grillet Sandwich,Normal,2024-02-13T16:29:11
1643638,1494474,1707834551,Pommes - div,Normal,2024-02-13T16:29:11
1643639,1494474,1707834551,Bagels,Normal,2024-02-13T16:29:11
1643640,1494474,1707834551,To-Go IS,Normal,2024-02-13T16:29:11
1643641,1494474,1707834551,Sm√∏rrebr√∏d,Normal,2024-02-13T16:29:11
1643966,1244494,1707835136,Salater,Normal,2024-02-13T16:38:56
1644751,1622357,1707836701,System,System,2024-02-13T17:05:01
1644755,1622357,1707836701,Unspecified,Normal,2024-02-13T17:05:01
1647771,320530,1707841634,Unspecified,Normal,2024-02-13T18:27:14
1647772,320577,1707841634,Unspecified,Normal,2024-02-13T18:27:14
1647775,324233,1707841634,Unspecified,Normal,2024-02-13T18:27:14
1647776,340606,1707841634,Unspecified,Normal,2024-02-13T18:27:14
1647777,340610,1707841634,Unspecified,Normal,2024-02-13T18:27:14
1647778,340614,1707841634,Unspecified,Normal,2024-02-13T18:27:14
1647779,340618,1707841634,Unspecified,Normal,2024-02-13T18:27:14
1647780,354571,1707841634,Unspecified,Normal,2024-02-13T18:27:14
1648724,429123,1707842748,Snack,Normal,2024-02-13T18:45:48
1658486,1105770,1707890000,Pizza,Normal,2024-02-14T07:53:20
1658487,1105770,1707890000,American Crust Pizza,Normal,2024-02-14T07:53:20
1658488,1105770,1707890000,Special Oval Pizza,Normal,2024-02-14T07:53:20
1658489,1105770,1707890000,Gourmet Pizza,Normal,2024-02-14T07:53:20
1658490,1105770,1707890000,BYG Selv Pizza,Normal,2024-02-14T07:53:20
1658491,1105770,1707890000,Indbagt Pizza,Normal,2024-02-14T07:53:20
1658492,1105770,1707890000,B√∏rnepizza,Normal,2024-02-14T07:53:20
1658493,1105770,1707890000,Ekstra Tilbeh√∏r,Normal,2024-02-14T07:53:20
1658494,1105770,1707890000,Hjemmelavet Burger,Normal,2024-02-14T07:53:20
1658495,1105770,1707890000,ALM.Burger,Normal,2024-02-14T07:53:20
1658496,1105770,1707890000,Hjemmelavet Pitabr√∏d,Normal,2024-02-14T07:53:20
1658497,1105770,1707890000,Kebabruller,Normal,2024-02-14T07:53:20
1658498,1105770,1707890000,Grill,Normal,2024-02-14T07:53:20
1658499,1105770,1707890000,Salater,Normal,2024-02-14T07:53:20
1658500,1105770,1707890000,Snacks,Normal,2024-02-14T07:53:20
1658501,1105770,1707890000,Drikkevarer,Normal,2024-02-14T07:53:20
1658502,1105770,1707890000,Tirsdags Tilbud,Normal,2024-02-14T07:53:20
1658843,682833,1707896191,Special Menuer,Normal,2024-02-14T09:36:31
1664518,1664421,1707911815,System,System,2024-02-14T13:56:55
1664520,1664421,1707911815,Unspecified,Normal,2024-02-14T13:56:55
1668405,1247330,1707918027,Mest Solgt Menu,Normal,2024-02-14T15:40:27
1668406,1247330,1707918027,Dags Menu,Normal,2024-02-14T15:40:27
1668407,1247330,1707918027,Vand og Kaffe Menu,Normal,2024-02-14T15:40:27
1668408,1247330,1707918027,Snacks Menu,Normal,2024-02-14T15:40:27
1668409,1247330,1707918027,Nat Menu,Normal,2024-02-14T15:40:27
1668410,1247330,1707918027,Drinks og Cocktails,Normal,2024-02-14T15:40:27
1668412,1247330,1707918027,Spiritus Menu,Normal,2024-02-14T15:40:27
1668413,1247330,1707918027,Special √òl Menu,Normal,2024-02-14T15:40:27
1671510,598930,1707923451,Br√∏d,Normal,2024-02-14T17:10:51
1683647,481236,1707939480,Gavekort,Normal,2024-02-14T21:38:00
1686935,1494474,1707982800,Vaffel Is,Normal,2024-02-15T09:40:00
1687078,1494474,1707984539,Softice,Normal,2024-02-15T10:08:59
1687168,1494474,1707985349,P√∏lser,Normal,2024-02-15T10:22:29
1694573,1694473,1708000892,System,System,2024-02-15T14:41:32
1694575,1694473,1708000892,Unspecified,Normal,2024-02-15T14:41:32
1695274,754821,1708001970,Unspecified,Normal,2024-02-15T14:59:30
1695382,485998,1708002201,Drikkevarer,Normal,2024-02-15T15:03:21
1716356,1617411,1708074872,Sodavand,Normal,2024-02-16T11:14:32
1716357,1617411,1708074872,√òL,Normal,2024-02-16T11:14:32
1716358,1617411,1708074872,Drinks,Normal,2024-02-16T11:14:32
1716359,1617411,1708074872,Vin Hygge,Normal,2024-02-16T11:14:32
1716360,1617411,1708074872,Lidt Hygge,Normal,2024-02-16T11:14:32
1716361,1617411,1708074872,Menu,Normal,2024-02-16T11:14:32
1716362,1617411,1708074872,Hvidvine,Normal,2024-02-16T11:14:32
1716363,1617411,1708074872,R√∏dvine,Normal,2024-02-16T11:14:32
1716364,1617411,1708074872,Rosevine,Normal,2024-02-16T11:14:32
1716366,1617411,1708074872,Bourgogne,Normal,2024-02-16T11:14:32
1716368,1617411,1708074872,Tyskland - Pinot Noir,Normal,2024-02-16T11:14:32
1716370,1617411,1708074872,Rhone,Normal,2024-02-16T11:14:32
1716371,1617411,1708074872,USA,Normal,2024-02-16T11:14:32
1716372,1617411,1708074872,Italien,Normal,2024-02-16T11:14:32
1716373,1617411,1708074872,Spanien,Normal,2024-02-16T11:14:32
1716374,1617411,1708074872,Bordeaux,Normal,2024-02-16T11:14:32
1716375,1617411,1708074872,Australien & New Zealand,Normal,2024-02-16T11:14:32
1716377,1617411,1708074872,Portvine,Normal,2024-02-16T11:14:32
1716378,1617411,1708074872,Bobler,Normal,2024-02-16T11:14:32
1716379,1617411,1708074872,Cognac,Normal,2024-02-16T11:14:32
1716380,1617411,1708074872,Rom,Normal,2024-02-16T11:14:32
1716381,1617411,1708074872,Gin,Normal,2024-02-16T11:14:32
1716617,1716239,1708075045,System,System,2024-02-16T11:17:25
1716619,1716239,1708075045,Unspecified,Normal,2024-02-16T11:17:25
1718512,1718392,1708079958,System,System,2024-02-16T12:39:18
1718514,1718392,1708079958,Unspecified,Normal,2024-02-16T12:39:18
1725436,1725235,1708088558,System,System,2024-02-16T15:02:38
1725438,1725235,1708088558,Unspecified,Normal,2024-02-16T15:02:38
1726322,1726261,1708089783,System,System,2024-02-16T15:23:03
1726324,1726261,1708089783,Take Away,Normal,2024-02-16T15:23:03
1737171,1617411,1708102795,Unspecified,Normal,2024-02-16T18:59:55
1737449,668071,1708102978,Frokost Pizza,Normal,2024-02-16T19:02:58
1754607,1247330,1708143684,Menu,Normal,2024-02-17T06:21:24
1808495,433251,1708332422,Varer fra hylderne,Normal,2024-02-19T10:47:02
1814623,1814570,1708344816,System,System,2024-02-19T14:13:36
1814629,1814570,1708344816,Unspecified,Normal,2024-02-19T14:13:36
1816212,1718392,1708347296,Menu,Normal,2024-02-19T14:54:56
1818904,1818858,1708352594,System,System,2024-02-19T16:23:14
1818906,1818858,1708352594,Unspecified,Normal,2024-02-19T16:23:14
1830575,1694473,1708408366,Drikkevarer,Normal,2024-02-20T07:52:46
1830576,1694473,1708408366,Pizzaer,Normal,2024-02-20T07:52:46
1830577,1694473,1708408366,Indbagt Pizza,Normal,2024-02-20T07:52:46
1830578,1694473,1708408366,B√∏rne Pizza,Normal,2024-02-20T07:52:46
1830579,1694473,1708408366,Specialiteter,Normal,2024-02-20T07:52:46
1830580,1694473,1708408366,Grillmad,Normal,2024-02-20T07:52:46
1830581,1694473,1708408366,Flutes,Normal,2024-02-20T07:52:46
1830582,1694473,1708408366,Sandwiches,Normal,2024-02-20T07:52:46
1830583,1694473,1708408366,Hvidl√∏gsbr√∏d,Normal,2024-02-20T07:52:46
1830584,1694473,1708408366,Pitabr√∏d,Normal,2024-02-20T07:52:46
1830585,1694473,1708408366,Ekstra Tilbeh√∏r,Normal,2024-02-20T07:52:46
1830801,1694473,1708409141,Drikkevarer,Normal,2024-02-20T08:05:41
1830802,1694473,1708409141,Pizzaer,Normal,2024-02-20T08:05:41
1830803,1694473,1708409141,Indbagt Pizza,Normal,2024-02-20T08:05:41
1830804,1694473,1708409141,B√∏rne Pizza,Normal,2024-02-20T08:05:41
1830805,1694473,1708409141,Ekstra Tilbeh√∏r,Normal,2024-02-20T08:05:41
1830806,1694473,1708409141,Specialiteter,Normal,2024-02-20T08:05:41
1830807,1694473,1708409141,Grillmad,Normal,2024-02-20T08:05:41
1830808,1694473,1708409141,Flutes,Normal,2024-02-20T08:05:41
1830809,1694473,1708409141,Sandwiches,Normal,2024-02-20T08:05:41
1830810,1694473,1708409141,Hvidl√∏gsbr√∏d,Normal,2024-02-20T08:05:41
1830811,1694473,1708409141,Pitabr√∏d,Normal,2024-02-20T08:05:41
1836963,1836888,1708427887,System,System,2024-02-20T13:18:07
1836966,1836888,1708427887,Unspecified,Normal,2024-02-20T13:18:07
1843772,1814570,1708437663,Savory,Normal,2024-02-20T16:01:03
1843773,1814570,1708437663,Sweets,Normal,2024-02-20T16:01:03
1847232,483245,1708443736,Medoc 4. Grand Cru Class√©,Normal,2024-02-20T17:42:16
1857824,1469628,1708462713,Drikkevare - Varme,Normal,2024-02-20T22:58:33
1857860,1469628,1708463208,R√∏d-/Hvidvin og sprut,Normal,2024-02-20T23:06:48
1857969,1469628,1708463897,Slik og chips,Normal,2024-02-20T23:18:17
1858093,1469628,1708464879,Leget√∏j og diverse,Normal,2024-02-20T23:34:39
1858205,1469628,1708466426,Kolonial,Normal,2024-02-21T00:00:26
1858233,1829759,1708467001,System,System,2024-02-21T00:10:01
1858235,1829759,1708467001,Unspecified,Normal,2024-02-21T00:10:01
1859160,1469628,1708496763,Husholdning,Normal,2024-02-21T08:26:03
1859213,1469628,1708497664,Grill,Normal,2024-02-21T08:41:04
1859937,1859919,1708503810,System,System,2024-02-21T10:23:30
1859939,1859919,1708503810,Unspecified,Normal,2024-02-21T10:23:30
1863754,1859919,1708512935,Menu,Normal,2024-02-21T12:55:35
1875495,511086,1708531330,Ud af huset,Normal,2024-02-21T18:02:10
1889142,1889141,1708592071,System,System,2024-02-22T10:54:31
1889144,1889141,1708592071,Unspecified,Normal,2024-02-22T10:54:31
1889161,1889141,1708592071,Appetizers,Normal,2024-02-22T10:54:31
1889162,1889141,1708592071,Burgers,Normal,2024-02-22T10:54:31
1889163,1889141,1708592071,Beverages,Normal,2024-02-22T10:54:31
1889164,1889141,1708592071,Desserts,Normal,2024-02-22T10:54:31
1890630,1890466,1708597160,System,System,2024-02-22T12:19:20
1890632,1890466,1708597160,Unspecified,Normal,2024-02-22T12:19:20
1901385,1901272,1708613363,System,System,2024-02-22T16:49:23
1901387,1901272,1708613363,Unspecified,Normal,2024-02-22T16:49:23
1901766,1901272,1708613763,Pizza,Normal,2024-02-22T16:56:03
1901767,1901272,1708613763,Familie,Normal,2024-02-22T16:56:03
1901768,1901272,1708613763,Indbagt,Normal,2024-02-22T16:56:03
1901769,1901272,1708613763,Burger,Normal,2024-02-22T16:56:03
1901770,1901272,1708613763,Grill,Normal,2024-02-22T16:56:03
1901771,1901272,1708613763,Sandwich,Normal,2024-02-22T16:56:03
1901772,1901272,1708613763,B√∏rn,Normal,2024-02-22T16:56:03
1901773,1901272,1708613763,Pasta,Normal,2024-02-22T16:56:03
1901774,1901272,1708613763,Tilbeh√∏r,Normal,2024-02-22T16:56:03
1901775,1901272,1708613763,Drikke,Normal,2024-02-22T16:56:03
1917754,1635826,1708659746,Menu,Normal,2024-02-23T05:42:26
1918411,1918379,1708674411,System,System,2024-02-23T09:46:51
1918413,1918379,1708674411,Unspecified,Normal,2024-02-23T09:46:51
1919240,682833,1708679119,Fredagsbar,Normal,2024-02-23T11:05:19
1922855,591012,1708686514,Depositum,Normal,2024-02-23T13:08:34
1924884,1924811,1708688893,System,System,2024-02-23T13:48:13
1924886,1924811,1708688893,Unspecified,Normal,2024-02-23T13:48:13
1966973,1469628,1708773549,Unspecified,Normal,2024-02-24T13:19:09
1967091,821767,1708773696,Brazza 25kr,Normal,2024-02-24T13:21:36
1977003,1976922,1708785305,System,System,2024-02-24T16:35:05
1977006,1976922,1708785305,Unspecified,Normal,2024-02-24T16:35:05
1977692,1976922,1708786101,Alm Pizza,Normal,2024-02-24T16:48:21
1977693,1976922,1708786101,Fam Pizza,Normal,2024-02-24T16:48:21
1977694,1976922,1708786101,Indbagt,Normal,2024-02-24T16:48:21
1977695,1976922,1708786101,Sandwich,Normal,2024-02-24T16:48:21
1977696,1976922,1708786101,Burger,Normal,2024-02-24T16:48:21
1977697,1976922,1708786101,Grill,Normal,2024-02-24T16:48:21
1977698,1976922,1708786101,Menu,Normal,2024-02-24T16:48:21
1977699,1976922,1708786101,Salat,Normal,2024-02-24T16:48:21
1977700,1976922,1708786101,B√∏rn,Normal,2024-02-24T16:48:21
1977701,1976922,1708786101,Diverse,Normal,2024-02-24T16:48:21
1977702,1976922,1708786101,Drikke,Normal,2024-02-24T16:48:21
2001273,571300,1708855670,BEN JERRY,Normal,2024-02-25T12:07:50
2003065,511400,1708860415,Gavekort,Normal,2024-02-25T13:26:55
2003467,767680,1708861147,Fad√∏l,Normal,2024-02-25T13:39:07
2003758,767680,1708861585,Flaske√∏l,Normal,2024-02-25T13:46:25
2003814,767680,1708861708,Alkoholfri,Normal,2024-02-25T13:48:28
2004050,767680,1708862250,Sodavand,Normal,2024-02-25T13:57:30
2004334,767680,1708862711,M√∏n vand/saft,Normal,2024-02-25T14:05:11
2004553,767680,1708863154,Diverse Softdrink,Normal,2024-02-25T14:12:34
2004872,767680,1708863754,Vin,Normal,2024-02-25T14:22:34
2005054,767680,1708864079,Spiritus,Normal,2024-02-25T14:27:59
2005268,767680,1708864489,Kaffe,Normal,2024-02-25T14:34:49
2005481,767680,1708864875,Sm√∏rrebr√∏d,Normal,2024-02-25T14:41:15
2005640,767680,1708865131,Varm Mad,Normal,2024-02-25T14:45:31
2005694,767680,1708865193,Kage,Normal,2024-02-25T14:46:33
2017665,511400,1708884610,Drikkepenge,Normal,2024-02-25T20:10:10
